generation_id,year,month,source_name,source_url,access_date,confidence
BMW_3-15_DA2,1929,,BMW Group Classic Production Archive & Cumulative Series Statistics,https://www.bmwgroup-classic.com/en/history/historic-modeloverview-bmw.html,2026-08-22,High
BMW_3-15_DA2,1930,,BMW Group Classic Production Archive & Cumulative Series Statistics,https://www.bmwgroup-classic.com/en/history/historic-modeloverview-bmw.html,2026-08-22,High
BMW_3-15_DA2,1931,,BMW Group Classic Production Archive & Cumulative Series Statistics,https://www.bmwgroup-classic.com/en/history/historic-modeloverview-bmw.html,2026-08-22,High
BMW_3-15_DA2,1932,,BMW Group Classic Production Archive & Cumulative Series Statistics,https://www.bmwgroup-classic.com/en/history/historic-modeloverview-bmw.html,2026-08-22,High
BMW_3-20_AM,1932,,BMW Group Classic Production Archive & Cumulative Series Statistics,https://www.bmwgroup-classic.com/en/history/historic-modeloverview-bmw.html,2026-08-22,High
BMW_3-20_AM,1933,,BMW Group Classic Production Archive & Cumulative Series Statistics,https://www.bmwgroup-classic.com/en/history/historic-modeloverview-bmw.html,2026-08-22,High
BMW_3-20_AM,1934,,BMW Group Classic Production Archive & Cumulative Series Statistics,https://www.bmwgroup-classic.com/en/history/historic-modeloverview-bmw.html,2026-08-22,High
BMW_303,1933,,BMW Group Classic Production Archive & Cumulative Series Statistics,https://www.bmwgroup-classic.com/en/history/historic-modeloverview-bmw.html,2026-08-22,High
BMW_303,1934,,BMW Group Classic Production Archive & Cumulative Series Statistics,https://www.bmwgroup-classic.com/en/history/historic-modeloverview-bmw.html,2026-08-22,High
BMW_309,1934,,BMW Group Classic Production Archive & Cumulative Series Statistics,https://www.bmwgroup-classic.com/en/history/historic-modeloverview-bmw.html,2026-08-22,High
BMW_309,1935,,BMW Group Classic Production Archive & Cumulative Series Statistics,https://www.bmwgroup-classic.com/en/history/historic-modeloverview-bmw.html,2026-08-22,High
BMW_309,1936,,BMW Group Classic Production Archive & Cumulative Series Statistics,https://www.bmwgroup-classic.com/en/history/historic-modeloverview-bmw.html,2026-08-22,High
BMW_315,1934,,BMW Group Classic Production Archive & Cumulative Series Statistics,https://www.bmwgroup-classic.com/en/history/historic-modeloverview-bmw.html,2026-08-22,High
BMW_315,1935,,BMW Group Classic Production Archive & Cumulative Series Statistics,https://www.bmwgroup-classic.com/en/history/historic-modeloverview-bmw.html,2026-08-22,High
BMW_315,1936,,BMW Group Classic Production Archive & Cumulative Series Statistics,https://www.bmwgroup-classic.com/en/history/historic-modeloverview-bmw.html,2026-08-22,High
BMW_315,1937,,BMW Group Classic Production Archive & Cumulative Series Statistics,https://www.bmwgroup-classic.com/en/history/historic-modeloverview-bmw.html,2026-08-22,High
BMW_319,1935,,BMW Group Classic Production Archive & Cumulative Series Statistics,https://www.bmwgroup-classic.com/en/history/historic-modeloverview-bmw.html,2026-08-22,High
BMW_319,1936,,BMW Group Classic Production Archive & Cumulative Series Statistics,https://www.bmwgroup-classic.com/en/history/historic-modeloverview-bmw.html,2026-08-22,High
BMW_319,1937,,BMW Group Classic Production Archive & Cumulative Series Statistics,https://www.bmwgroup-classic.com/en/history/historic-modeloverview-bmw.html,2026-08-22,High
BMW_329,1936,,BMW Group Classic Production Archive & Cumulative Series Statistics,https://www.bmwgroup-classic.com/en/history/historic-modeloverview-bmw.html,2026-08-22,High
BMW_329,1937,,BMW Group Classic Production Archive & Cumulative Series Statistics,https://www.bmwgroup-classic.com/en/history/historic-modeloverview-bmw.html,2026-08-22,High
BMW_320,1937,,BMW Group Classic Production Archive & Cumulative Series Statistics,https://www.bmwgroup-classic.com/en/history/historic-modeloverview-bmw.html,2026-08-22,High
BMW_320,1938,,BMW Group Classic Production Archive & Cumulative Series Statistics,https://www.bmwgroup-classic.com/en/history/historic-modeloverview-bmw.html,2026-08-22,High
BMW_321,1938,,BMW Group Classic Production Archive & Cumulative Series Statistics,https://www.bmwgroup-classic.com/en/history/historic-modeloverview-bmw.html,2026-08-22,High
BMW_321,1939,,BMW Group Classic Production Archive & Cumulative Series Statistics,https://www.bmwgroup-classic.com/en/history/historic-modeloverview-bmw.html,2026-08-22,High
BMW_321,1940,,BMW Group Classic Production Archive & Cumulative Series Statistics,https://www.bmwgroup-classic.com/en/history/historic-modeloverview-bmw.html,2026-08-22,High
BMW_321,1941,,BMW Group Classic Production Archive & Cumulative Series Statistics,https://www.bmwgroup-classic.com/en/history/historic-modeloverview-bmw.html,2026-08-22,High
BMW_326,1936,,BMW Group Classic Production Archive & Cumulative Series Statistics,https://www.bmwgroup-classic.com/en/history/historic-modeloverview-bmw.html,2026-08-22,High
BMW_326,1937,,BMW Group Classic Production Archive & Cumulative Series Statistics,https://www.bmwgroup-classic.com/en/history/historic-modeloverview-bmw.html,2026-08-22,High
BMW_326,1938,,BMW Group Classic Production Archive & Cumulative Series Statistics,https://www.bmwgroup-classic.com/en/history/historic-modeloverview-bmw.html,2026-08-22,High
BMW_326,1939,,BMW Group Classic Production Archive & Cumulative Series Statistics,https://www.bmwgroup-classic.com/en/history/historic-modeloverview-bmw.html,2026-08-22,High
BMW_326,1940,,BMW Group Classic Production Archive & Cumulative Series Statistics,https://www.bmwgroup-classic.com/en/history/historic-modeloverview-bmw.html,2026-08-22,High
BMW_326,1941,,BMW Group Classic Production Archive & Cumulative Series Statistics,https://www.bmwgroup-classic.com/en/history/historic-modeloverview-bmw.html,2026-08-22,High
BMW_327,1937,,BMW Group Classic Production Archive & Cumulative Series Statistics,https://www.bmwgroup-classic.com/en/history/historic-modeloverview-bmw.html,2026-08-22,High
BMW_327,1938,,BMW Group Classic Production Archive & Cumulative Series Statistics,https://www.bmwgroup-classic.com/en/history/historic-modeloverview-bmw.html,2026-08-22,High
BMW_327,1939,,BMW Group Classic Production Archive & Cumulative Series Statistics,https://www.bmwgroup-classic.com/en/history/historic-modeloverview-bmw.html,2026-08-22,High
BMW_327,1940,,BMW Group Classic Production Archive & Cumulative Series Statistics,https://www.bmwgroup-classic.com/en/history/historic-modeloverview-bmw.html,2026-08-22,High
BMW_327,1941,,BMW Group Classic Production Archive & Cumulative Series Statistics,https://www.bmwgroup-classic.com/en/history/historic-modeloverview-bmw.html,2026-08-22,High
BMW_328,1936,,BMW Group Classic Production Archive & Cumulative Series Statistics,https://www.bmwgroup-classic.com/en/history/historic-modeloverview-bmw.html,2026-08-22,High
BMW_328,1937,,BMW Group Classic Production Archive & Cumulative Series Statistics,https://www.bmwgroup-classic.com/en/history/historic-modeloverview-bmw.html,2026-08-22,High
BMW_328,1938,,BMW Group Classic Production Archive & Cumulative Series Statistics,https://www.bmwgroup-classic.com/en/history/historic-modeloverview-bmw.html,2026-08-22,High
BMW_328,1939,,BMW Group Classic Production Archive & Cumulative Series Statistics,https://www.bmwgroup-classic.com/en/history/historic-modeloverview-bmw.html,2026-08-22,High
BMW_328,1940,,BMW Group Classic Production Archive & Cumulative Series Statistics,https://www.bmwgroup-classic.com/en/history/historic-modeloverview-bmw.html,2026-08-22,High
BMW_335,1939,,BMW Group Classic Production Archive & Cumulative Series Statistics,https://www.bmwgroup-classic.com/en/history/historic-modeloverview-bmw.html,2026-08-22,High
BMW_335,1940,,BMW Group Classic Production Archive & Cumulative Series Statistics,https://www.bmwgroup-classic.com/en/history/historic-modeloverview-bmw.html,2026-08-22,High
BMW_335,1941,,BMW Group Classic Production Archive & Cumulative Series Statistics,https://www.bmwgroup-classic.com/en/history/historic-modeloverview-bmw.html,2026-08-22,High
BMW_501,1952,,BMW Group Classic Production Archive & Cumulative Series Statistics,https://www.bmwgroup-classic.com/en/history/historic-modeloverview-bmw.html,2026-08-22,High
BMW_501,1953,,BMW Group Classic Production Archive & Cumulative Series Statistics,https://www.bmwgroup-classic.com/en/history/historic-modeloverview-bmw.html,2026-08-22,High
BMW_501,1954,,BMW Group Classic Production Archive & Cumulative Series Statistics,https://www.bmwgroup-classic.com/en/history/historic-modeloverview-bmw.html,2026-08-22,High
BMW_501,1955,,BMW Group Classic Production Archive & Cumulative Series Statistics,https://www.bmwgroup-classic.com/en/history/historic-modeloverview-bmw.html,2026-08-22,High
BMW_501,1956,,BMW Group Classic Production Archive & Cumulative Series Statistics,https://www.bmwgroup-classic.com/en/history/historic-modeloverview-bmw.html,2026-08-22,High
BMW_501,1957,,BMW Group Classic Production Archive & Cumulative Series Statistics,https://www.bmwgroup-classic.com/en/history/historic-modeloverview-bmw.html,2026-08-22,High
BMW_501,1958,,BMW Group Classic Production Archive & Cumulative Series Statistics,https://www.bmwgroup-classic.com/en/history/historic-modeloverview-bmw.html,2026-08-22,High
BMW_502,1954,,BMW Group Classic Production Archive & Cumulative Series Statistics,https://www.bmwgroup-classic.com/en/history/historic-modeloverview-bmw.html,2026-08-22,High
BMW_502,1955,,BMW Group Classic Production Archive & Cumulative Series Statistics,https://www.bmwgroup-classic.com/en/history/historic-modeloverview-bmw.html,2026-08-22,High
BMW_502,1956,,BMW Group Classic Production Archive & Cumulative Series Statistics,https://www.bmwgroup-classic.com/en/history/historic-modeloverview-bmw.html,2026-08-22,High
BMW_502,1957,,BMW Group Classic Production Archive & Cumulative Series Statistics,https://www.bmwgroup-classic.com/en/history/historic-modeloverview-bmw.html,2026-08-22,High
BMW_502,1958,,BMW Group Classic Production Archive & Cumulative Series Statistics,https://www.bmwgroup-classic.com/en/history/historic-modeloverview-bmw.html,2026-08-22,High
BMW_502,1959,,BMW Group Classic Production Archive & Cumulative Series Statistics,https://www.bmwgroup-classic.com/en/history/historic-modeloverview-bmw.html,2026-08-22,High
BMW_502,1960,,BMW Group Classic Production Archive & Cumulative Series Statistics,https://www.bmwgroup-classic.com/en/history/historic-modeloverview-bmw.html,2026-08-22,High
BMW_502,1961,,BMW Group Classic Production Archive & Cumulative Series Statistics,https://www.bmwgroup-classic.com/en/history/historic-modeloverview-bmw.html,2026-08-22,High
BMW_503,1956,,BMW Group Classic Production Archive & Cumulative Series Statistics,https://www.bmwgroup-classic.com/en/history/historic-modeloverview-bmw.html,2026-08-22,High
BMW_503,1957,,BMW Group Classic Production Archive & Cumulative Series Statistics,https://www.bmwgroup-classic.com/en/history/historic-modeloverview-bmw.html,2026-08-22,High
BMW_503,1958,,BMW Group Classic Production Archive & Cumulative Series Statistics,https://www.bmwgroup-classic.com/en/history/historic-modeloverview-bmw.html,2026-08-22,High
BMW_503,1959,,BMW Group Classic Production Archive & Cumulative Series Statistics,https://www.bmwgroup-classic.com/en/history/historic-modeloverview-bmw.html,2026-08-22,High
BMW_507,1956,,BMW Group Classic Production Archive & Cumulative Series Statistics,https://www.bmwgroup-classic.com/en/history/historic-modeloverview-bmw.html,2026-08-22,High
BMW_507,1957,,BMW Group Classic Production Archive & Cumulative Series Statistics,https://www.bmwgroup-classic.com/en/history/historic-modeloverview-bmw.html,2026-08-22,High
BMW_507,1958,,BMW Group Classic Production Archive & Cumulative Series Statistics,https://www.bmwgroup-classic.com/en/history/historic-modeloverview-bmw.html,2026-08-22,High
BMW_507,1959,,BMW Group Classic Production Archive & Cumulative Series Statistics,https://www.bmwgroup-classic.com/en/history/historic-modeloverview-bmw.html,2026-08-22,High
BMW_3200_CS,1962,,BMW Group Classic Production Archive & Cumulative Series Statistics,https://www.bmwgroup-classic.com/en/history/historic-modeloverview-bmw.html,2026-08-22,High
BMW_3200_CS,1963,,BMW Group Classic Production Archive & Cumulative Series Statistics,https://www.bmwgroup-classic.com/en/history/historic-modeloverview-bmw.html,2026-08-22,High
BMW_3200_CS,1964,,BMW Group Classic Production Archive & Cumulative Series Statistics,https://www.bmwgroup-classic.com/en/history/historic-modeloverview-bmw.html,2026-08-22,High
BMW_3200_CS,1965,,BMW Group Classic Production Archive & Cumulative Series Statistics,https://www.bmwgroup-classic.com/en/history/historic-modeloverview-bmw.html,2026-08-22,High
BMW_ISETTA,1955,,BMW Group Classic Production Archive & Cumulative Series Statistics,https://www.bmwgroup-classic.com/en/history/historic-modeloverview-bmw.html,2026-08-22,High
BMW_ISETTA,1956,,BMW Group Classic Production Archive & Cumulative Series Statistics,https://www.bmwgroup-classic.com/en/history/historic-modeloverview-bmw.html,2026-08-22,High
BMW_ISETTA,1957,,BMW Group Classic Production Archive & Cumulative Series Statistics,https://www.bmwgroup-classic.com/en/history/historic-modeloverview-bmw.html,2026-08-22,High
BMW_ISETTA,1958,,BMW Group Classic Production Archive & Cumulative Series Statistics,https://www.bmwgroup-classic.com/en/history/historic-modeloverview-bmw.html,2026-08-22,High
BMW_ISETTA,1959,,BMW Group Classic Production Archive & Cumulative Series Statistics,https://www.bmwgroup-classic.com/en/history/historic-modeloverview-bmw.html,2026-08-22,High
BMW_ISETTA,1960,,BMW Group Classic Production Archive & Cumulative Series Statistics,https://www.bmwgroup-classic.com/en/history/historic-modeloverview-bmw.html,2026-08-22,High
BMW_ISETTA,1961,,BMW Group Classic Production Archive & Cumulative Series Statistics,https://www.bmwgroup-classic.com/en/history/historic-modeloverview-bmw.html,2026-08-22,High
BMW_ISETTA,1962,,BMW Group Classic Production Archive & Cumulative Series Statistics,https://www.bmwgroup-classic.com/en/history/historic-modeloverview-bmw.html,2026-08-22,High
BMW_600,1957,,BMW Group Classic Production Archive & Cumulative Series Statistics,https://www.bmwgroup-classic.com/en/history/historic-modeloverview-bmw.html,2026-08-22,High
BMW_600,1958,,BMW Group Classic Production Archive & Cumulative Series Statistics,https://www.bmwgroup-classic.com/en/history/historic-modeloverview-bmw.html,2026-08-22,High
BMW_600,1959,,BMW Group Classic Production Archive & Cumulative Series Statistics,https://www.bmwgroup-classic.com/en/history/historic-modeloverview-bmw.html,2026-08-22,High
BMW_700,1959,,BMW Group Classic Production Archive & Cumulative Series Statistics,https://www.bmwgroup-classic.com/en/history/historic-modeloverview-bmw.html,2026-08-22,High
BMW_700,1960,,BMW Group Classic Production Archive & Cumulative Series Statistics,https://www.bmwgroup-classic.com/en/history/historic-modeloverview-bmw.html,2026-08-22,High
BMW_700,1961,,BMW Group Classic Production Archive & Cumulative Series Statistics,https://www.bmwgroup-classic.com/en/history/historic-modeloverview-bmw.html,2026-08-22,High
BMW_700,1962,,BMW Group Classic Production Archive & Cumulative Series Statistics,https://www.bmwgroup-classic.com/en/history/historic-modeloverview-bmw.html,2026-08-22,High
BMW_700,1963,,BMW Group Classic Production Archive & Cumulative Series Statistics,https://www.bmwgroup-classic.com/en/history/historic-modeloverview-bmw.html,2026-08-22,High
BMW_700,1964,,BMW Group Classic Production Archive & Cumulative Series Statistics,https://www.bmwgroup-classic.com/en/history/historic-modeloverview-bmw.html,2026-08-22,High
BMW_700,1965,,BMW Group Classic Production Archive & Cumulative Series Statistics,https://www.bmwgroup-classic.com/en/history/historic-modeloverview-bmw.html,2026-08-22,High
BMW_NK_SEDAN,1962,,BMW Group Classic Production Archive & Cumulative Series Statistics,https://www.bmwgroup-classic.com/en/history/historic-modeloverview-bmw.html,2026-08-22,High
BMW_NK_SEDAN,1963,,BMW Group Classic Production Archive & Cumulative Series Statistics,https://www.bmwgroup-classic.com/en/history/historic-modeloverview-bmw.html,2026-08-22,High
BMW_NK_SEDAN,1964,,BMW Group Classic Production Archive & Cumulative Series Statistics,https://www.bmwgroup-classic.com/en/history/historic-modeloverview-bmw.html,2026-08-22,High
BMW_NK_SEDAN,1965,,BMW Group Classic Production Archive & Cumulative Series Statistics,https://www.bmwgroup-classic.com/en/history/historic-modeloverview-bmw.html,2026-08-22,High
BMW_NK_SEDAN,1966,,BMW Group Classic Production Archive & Cumulative Series Statistics,https://www.bmwgroup-classic.com/en/history/historic-modeloverview-bmw.html,2026-08-22,High
BMW_NK_SEDAN,1967,,BMW Group Classic Production Archive & Cumulative Series Statistics,https://www.bmwgroup-classic.com/en/history/historic-modeloverview-bmw.html,2026-08-22,High
BMW_NK_SEDAN,1968,,BMW Group Classic Production Archive & Cumulative Series Statistics,https://www.bmwgroup-classic.com/en/history/historic-modeloverview-bmw.html,2026-08-22,High
BMW_NK_SEDAN,1969,,BMW Group Classic Production Archive & Cumulative Series Statistics,https://www.bmwgroup-classic.com/en/history/historic-modeloverview-bmw.html,2026-08-22,High
BMW_NK_SEDAN,1970,,BMW Group Classic Production Archive & Cumulative Series Statistics,https://www.bmwgroup-classic.com/en/history/historic-modeloverview-bmw.html,2026-08-22,High
BMW_NK_SEDAN,1971,,BMW Group Classic Production Archive & Cumulative Series Statistics,https://www.bmwgroup-classic.com/en/history/historic-modeloverview-bmw.html,2026-08-22,High
BMW_NK_SEDAN,1972,,BMW Group Classic Production Archive & Cumulative Series Statistics,https://www.bmwgroup-classic.com/en/history/historic-modeloverview-bmw.html,2026-08-22,High
BMW_NK_COUPE,1965,,BMW Group Classic Production Archive & Cumulative Series Statistics,https://www.bmwgroup-classic.com/en/history/historic-modeloverview-bmw.html,2026-08-22,High
BMW_NK_COUPE,1966,,BMW Group Classic Production Archive & Cumulative Series Statistics,https://www.bmwgroup-classic.com/en/history/historic-modeloverview-bmw.html,2026-08-22,High
BMW_NK_COUPE,1967,,BMW Group Classic Production Archive & Cumulative Series Statistics,https://www.bmwgroup-classic.com/en/history/historic-modeloverview-bmw.html,2026-08-22,High
BMW_NK_COUPE,1968,,BMW Group Classic Production Archive & Cumulative Series Statistics,https://www.bmwgroup-classic.com/en/history/historic-modeloverview-bmw.html,2026-08-22,High
BMW_NK_COUPE,1969,,BMW Group Classic Production Archive & Cumulative Series Statistics,https://www.bmwgroup-classic.com/en/history/historic-modeloverview-bmw.html,2026-08-22,High
BMW_02_SERIES,1966,,BMW Group Classic Production Archive & Cumulative Series Statistics,https://www.bmwgroup-classic.com/en/history/historic-modeloverview-bmw.html,2026-08-22,High
BMW_02_SERIES,1967,,BMW Group Classic Production Archive & Cumulative Series Statistics,https://www.bmwgroup-classic.com/en/history/historic-modeloverview-bmw.html,2026-08-22,High
BMW_02_SERIES,1968,,BMW Group Classic Production Archive & Cumulative Series Statistics,https://www.bmwgroup-classic.com/en/history/historic-modeloverview-bmw.html,2026-08-22,High
BMW_02_SERIES,1969,,BMW Group Classic Production Archive & Cumulative Series Statistics,https://www.bmwgroup-classic.com/en/history/historic-modeloverview-bmw.html,2026-08-22,High
BMW_02_SERIES,1970,,BMW Group Classic Production Archive & Cumulative Series Statistics,https://www.bmwgroup-classic.com/en/history/historic-modeloverview-bmw.html,2026-08-22,High
BMW_02_SERIES,1971,,BMW Group Classic Production Archive & Cumulative Series Statistics,https://www.bmwgroup-classic.com/en/history/historic-modeloverview-bmw.html,2026-08-22,High
BMW_02_SERIES,1972,,BMW Group Classic Production Archive & Cumulative Series Statistics,https://www.bmwgroup-classic.com/en/history/historic-modeloverview-bmw.html,2026-08-22,High
BMW_02_SERIES,1973,,BMW Group Classic Production Archive & Cumulative Series Statistics,https://www.bmwgroup-classic.com/en/history/historic-modeloverview-bmw.html,2026-08-22,High
BMW_02_SERIES,1974,,BMW Group Classic Production Archive & Cumulative Series Statistics,https://www.bmwgroup-classic.com/en/history/historic-modeloverview-bmw.html,2026-08-22,High
BMW_02_SERIES,1975,,BMW Group Classic Production Archive & Cumulative Series Statistics,https://www.bmwgroup-classic.com/en/history/historic-modeloverview-bmw.html,2026-08-22,High
BMW_02_SERIES,1976,,BMW Group Classic Production Archive & Cumulative Series Statistics,https://www.bmwgroup-classic.com/en/history/historic-modeloverview-bmw.html,2026-08-22,High
BMW_02_SERIES,1977,,BMW Group Classic Production Archive & Cumulative Series Statistics,https://www.bmwgroup-classic.com/en/history/historic-modeloverview-bmw.html,2026-08-22,High
BMW_E3_SEDAN,1968,,BMW Group Classic Production Archive & Cumulative Series Statistics,https://www.bmwgroup-classic.com/en/history/historic-modeloverview-bmw.html,2026-08-22,High
BMW_E3_SEDAN,1969,,BMW Group Classic Production Archive & Cumulative Series Statistics,https://www.bmwgroup-classic.com/en/history/historic-modeloverview-bmw.html,2026-08-22,High
BMW_E3_SEDAN,1970,,BMW Group Classic Production Archive & Cumulative Series Statistics,https://www.bmwgroup-classic.com/en/history/historic-modeloverview-bmw.html,2026-08-22,High
BMW_E3_SEDAN,1971,,BMW Group Classic Production Archive & Cumulative Series Statistics,https://www.bmwgroup-classic.com/en/history/historic-modeloverview-bmw.html,2026-08-22,High
BMW_E3_SEDAN,1972,,BMW Group Classic Production Archive & Cumulative Series Statistics,https://www.bmwgroup-classic.com/en/history/historic-modeloverview-bmw.html,2026-08-22,High
BMW_E3_SEDAN,1973,,BMW Group Classic Production Archive & Cumulative Series Statistics,https://www.bmwgroup-classic.com/en/history/historic-modeloverview-bmw.html,2026-08-22,High
BMW_E3_SEDAN,1974,,BMW Group Classic Production Archive & Cumulative Series Statistics,https://www.bmwgroup-classic.com/en/history/historic-modeloverview-bmw.html,2026-08-22,High
BMW_E3_SEDAN,1975,,BMW Group Classic Production Archive & Cumulative Series Statistics,https://www.bmwgroup-classic.com/en/history/historic-modeloverview-bmw.html,2026-08-22,High
BMW_E3_SEDAN,1976,,BMW Group Classic Production Archive & Cumulative Series Statistics,https://www.bmwgroup-classic.com/en/history/historic-modeloverview-bmw.html,2026-08-22,High
BMW_E3_SEDAN,1977,,BMW Group Classic Production Archive & Cumulative Series Statistics,https://www.bmwgroup-classic.com/en/history/historic-modeloverview-bmw.html,2026-08-22,High
BMW_E9_COUPE,1968,,BMW Group Classic Production Archive & Cumulative Series Statistics,https://www.bmwgroup-classic.com/en/history/historic-modeloverview-bmw.html,2026-08-22,High
BMW_E9_COUPE,1969,,BMW Group Classic Production Archive & Cumulative Series Statistics,https://www.bmwgroup-classic.com/en/history/historic-modeloverview-bmw.html,2026-08-22,High
BMW_E9_COUPE,1970,,BMW Group Classic Production Archive & Cumulative Series Statistics,https://www.bmwgroup-classic.com/en/history/historic-modeloverview-bmw.html,2026-08-22,High
BMW_E9_COUPE,1971,,BMW Group Classic Production Archive & Cumulative Series Statistics,https://www.bmwgroup-classic.com/en/history/historic-modeloverview-bmw.html,2026-08-22,High
BMW_E9_COUPE,1972,,BMW Group Classic Production Archive & Cumulative Series Statistics,https://www.bmwgroup-classic.com/en/history/historic-modeloverview-bmw.html,2026-08-22,High
BMW_E9_COUPE,1973,,BMW Group Classic Production Archive & Cumulative Series Statistics,https://www.bmwgroup-classic.com/en/history/historic-modeloverview-bmw.html,2026-08-22,High
BMW_E9_COUPE,1974,,BMW Group Classic Production Archive & Cumulative Series Statistics,https://www.bmwgroup-classic.com/en/history/historic-modeloverview-bmw.html,2026-08-22,High
BMW_E9_COUPE,1975,,BMW Group Classic Production Archive & Cumulative Series Statistics,https://www.bmwgroup-classic.com/en/history/historic-modeloverview-bmw.html,2026-08-22,High
BMW_M1_E26,1978,,BMW Group Classic Production Archive & Cumulative Series Statistics,https://www.bmwgroup-classic.com/en/history/historic-modeloverview-bmw.html,2026-08-22,High
BMW_M1_E26,1979,,BMW Group Classic Production Archive & Cumulative Series Statistics,https://www.bmwgroup-classic.com/en/history/historic-modeloverview-bmw.html,2026-08-22,High
BMW_M1_E26,1980,,BMW Group Classic Production Archive & Cumulative Series Statistics,https://www.bmwgroup-classic.com/en/history/historic-modeloverview-bmw.html,2026-08-22,High
BMW_M1_E26,1981,,BMW Group Classic Production Archive & Cumulative Series Statistics,https://www.bmwgroup-classic.com/en/history/historic-modeloverview-bmw.html,2026-08-22,High
BMW_3_E21,1975,,BMW Group Classic Production Archive & Cumulative Series Statistics,https://www.bmwgroup-classic.com/en/history/historic-modeloverview-bmw.html,2026-08-22,High
BMW_3_E21,1976,,BMW Group Classic Production Archive & Cumulative Series Statistics,https://www.bmwgroup-classic.com/en/history/historic-modeloverview-bmw.html,2026-08-22,High
BMW_3_E21,1977,,BMW Group Classic Production Archive & Cumulative Series Statistics,https://www.bmwgroup-classic.com/en/history/historic-modeloverview-bmw.html,2026-08-22,High
BMW_3_E21,1978,,BMW Group Classic Production Archive & Cumulative Series Statistics,https://www.bmwgroup-classic.com/en/history/historic-modeloverview-bmw.html,2026-08-22,High
BMW_3_E21,1979,,BMW Group Classic Production Archive & Cumulative Series Statistics,https://www.bmwgroup-classic.com/en/history/historic-modeloverview-bmw.html,2026-08-22,High
BMW_3_E21,1980,,BMW Group Classic Production Archive & Cumulative Series Statistics,https://www.bmwgroup-classic.com/en/history/historic-modeloverview-bmw.html,2026-08-22,High
BMW_3_E21,1981,,BMW Group Classic Production Archive & Cumulative Series Statistics,https://www.bmwgroup-classic.com/en/history/historic-modeloverview-bmw.html,2026-08-22,High
BMW_3_E21,1982,,BMW Group Classic Production Archive & Cumulative Series Statistics,https://www.bmwgroup-classic.com/en/history/historic-modeloverview-bmw.html,2026-08-22,High
BMW_3_E21,1983,,BMW Group Classic Production Archive & Cumulative Series Statistics,https://www.bmwgroup-classic.com/en/history/historic-modeloverview-bmw.html,2026-08-22,High
BMW_3_E30,1982,,BMW Group Classic Production Archive & Cumulative Series Statistics,https://www.bmwgroup-classic.com/en/history/historic-modeloverview-bmw.html,2026-08-22,High
BMW_3_E30,1983,,BMW Group Classic Production Archive & Cumulative Series Statistics,https://www.bmwgroup-classic.com/en/history/historic-modeloverview-bmw.html,2026-08-22,High
BMW_3_E30,1984,,BMW Group Classic Production Archive & Cumulative Series Statistics,https://www.bmwgroup-classic.com/en/history/historic-modeloverview-bmw.html,2026-08-22,High
BMW_3_E30,1985,,BMW Group Classic Production Archive & Cumulative Series Statistics,https://www.bmwgroup-classic.com/en/history/historic-modeloverview-bmw.html,2026-08-22,High
BMW_3_E30,1986,,BMW Group Classic Production Archive & Cumulative Series Statistics,https://www.bmwgroup-classic.com/en/history/historic-modeloverview-bmw.html,2026-08-22,High
BMW_3_E30,1987,,BMW Group Classic Production Archive & Cumulative Series Statistics,https://www.bmwgroup-classic.com/en/history/historic-modeloverview-bmw.html,2026-08-22,High
BMW_3_E30,1988,,BMW Group Classic Production Archive & Cumulative Series Statistics,https://www.bmwgroup-classic.com/en/history/historic-modeloverview-bmw.html,2026-08-22,High
BMW_3_E30,1989,,BMW Group Classic Production Archive & Cumulative Series Statistics,https://www.bmwgroup-classic.com/en/history/historic-modeloverview-bmw.html,2026-08-22,High
BMW_3_E30,1990,,BMW Group Classic Production Archive & Cumulative Series Statistics,https://www.bmwgroup-classic.com/en/history/historic-modeloverview-bmw.html,2026-08-22,High
BMW_3_E30,1991,,BMW Group Classic Production Archive & Cumulative Series Statistics,https://www.bmwgroup-classic.com/en/history/historic-modeloverview-bmw.html,2026-08-22,High
BMW_3_E30,1992,,BMW Group Classic Production Archive & Cumulative Series Statistics,https://www.bmwgroup-classic.com/en/history/historic-modeloverview-bmw.html,2026-08-22,High
BMW_3_E30,1993,,BMW Group Classic Production Archive & Cumulative Series Statistics,https://www.bmwgroup-classic.com/en/history/historic-modeloverview-bmw.html,2026-08-22,High
BMW_3_E30,1994,,BMW Group Classic Production Archive & Cumulative Series Statistics,https://www.bmwgroup-classic.com/en/history/historic-modeloverview-bmw.html,2026-08-22,High
BMW_3_E36,1990,,BMW Group Classic Production Archive & Cumulative Series Statistics,https://www.bmwgroup-classic.com/en/history/historic-modeloverview-bmw.html,2026-08-22,High
BMW_3_E36,1991,,BMW Group Classic Production Archive & Cumulative Series Statistics,https://www.bmwgroup-classic.com/en/history/historic-modeloverview-bmw.html,2026-08-22,High
BMW_3_E36,1992,,BMW Group Classic Production Archive & Cumulative Series Statistics,https://www.bmwgroup-classic.com/en/history/historic-modeloverview-bmw.html,2026-08-22,High
BMW_3_E36,1993,,BMW Group Classic Production Archive & Cumulative Series Statistics,https://www.bmwgroup-classic.com/en/history/historic-modeloverview-bmw.html,2026-08-22,High
BMW_3_E36,1994,,BMW Group Classic Production Archive & Cumulative Series Statistics,https://www.bmwgroup-classic.com/en/history/historic-modeloverview-bmw.html,2026-08-22,High
BMW_3_E36,1995,,BMW Group Classic Production Archive & Cumulative Series Statistics,https://www.bmwgroup-classic.com/en/history/historic-modeloverview-bmw.html,2026-08-22,High
BMW_3_E36,1996,,BMW Group Classic Production Archive & Cumulative Series Statistics,https://www.bmwgroup-classic.com/en/history/historic-modeloverview-bmw.html,2026-08-22,High
BMW_3_E36,1997,,BMW Group Classic Production Archive & Cumulative Series Statistics,https://www.bmwgroup-classic.com/en/history/historic-modeloverview-bmw.html,2026-08-22,High
BMW_3_E36,1998,,BMW Group Classic Production Archive & Cumulative Series Statistics,https://www.bmwgroup-classic.com/en/history/historic-modeloverview-bmw.html,2026-08-22,High
BMW_3_E36,1999,,BMW Group Classic Production Archive & Cumulative Series Statistics,https://www.bmwgroup-classic.com/en/history/historic-modeloverview-bmw.html,2026-08-22,High
BMW_3_E36,2000,,BMW Group Annual Report 2000 — Deliveries of BMW Vehicles by Model,https://www.bmwgroup.com/en/investor-relations/company-reports.html,2026-08-22,High
BMW_3_E46,1997,,BMW Group Classic Production Archive & Cumulative Series Statistics,https://www.bmwgroup-classic.com/en/history/historic-modeloverview-bmw.html,2026-08-22,High
BMW_3_E46,1998,,BMW Group Classic Production Archive & Cumulative Series Statistics,https://www.bmwgroup-classic.com/en/history/historic-modeloverview-bmw.html,2026-08-22,High
BMW_3_E46,1999,,BMW Group Classic Production Archive & Cumulative Series Statistics,https://www.bmwgroup-classic.com/en/history/historic-modeloverview-bmw.html,2026-08-22,High
BMW_3_E46,2000,,BMW Group Annual Report 2000 — Deliveries of BMW Vehicles by Model,https://www.bmwgroup.com/en/investor-relations/company-reports.html,2026-08-22,High
BMW_3_E46,2001,,BMW Group Annual Report 2001 — Deliveries of BMW Vehicles by Model,https://www.bmwgroup.com/en/investor-relations/company-reports.html,2026-08-22,High
BMW_3_E46,2002,,BMW Group Annual Report 2002 — Deliveries of BMW Vehicles by Model,https://www.bmwgroup.com/en/investor-relations/company-reports.html,2026-08-22,High
BMW_3_E46,2003,,BMW Group Annual Report 2003 — Deliveries of BMW Vehicles by Model,https://www.bmwgroup.com/en/investor-relations/company-reports.html,2026-08-22,High
BMW_3_E46,2004,,BMW Group Annual Report 2004 — Deliveries of BMW Vehicles by Model,https://www.bmwgroup.com/en/investor-relations/company-reports.html,2026-08-22,High
BMW_3_E46,2005,,BMW Group Annual Report 2005 — Deliveries of BMW Vehicles by Model,https://www.bmwgroup.com/en/investor-relations/company-reports.html,2026-08-22,High
BMW_3_E46,2006,,BMW Group Annual Report 2006 — Deliveries of BMW Vehicles by Model,https://www.bmwgroup.com/en/investor-relations/company-reports.html,2026-08-22,High
BMW_3_E90,2005,,BMW Group Annual Report 2005 — Deliveries of BMW Vehicles by Model,https://www.bmwgroup.com/en/investor-relations/company-reports.html,2026-08-22,High
BMW_3_E90,2006,,BMW Group Annual Report 2006 — Deliveries of BMW Vehicles by Model,https://www.bmwgroup.com/en/investor-relations/company-reports.html,2026-08-22,High
BMW_3_E90,2007,,BMW Group Annual Report 2007 — Deliveries of BMW Vehicles by Model,https://www.bmwgroup.com/en/investor-relations/company-reports.html,2026-08-22,High
BMW_3_E90,2008,,BMW Group Annual Report 2008 — Deliveries of BMW Vehicles by Model,https://www.bmwgroup.com/en/investor-relations/company-reports.html,2026-08-22,High
BMW_3_E90,2009,,BMW Group Annual Report 2009 — Deliveries of BMW Vehicles by Model,https://www.bmwgroup.com/en/investor-relations/company-reports.html,2026-08-22,High
BMW_3_E90,2010,,BMW Group Annual Report 2010 — Deliveries of BMW Vehicles by Model,https://www.bmwgroup.com/en/investor-relations/company-reports.html,2026-08-22,High
BMW_3_E90,2011,,BMW Group Annual Report 2011 — Deliveries of BMW Vehicles by Model,https://www.bmwgroup.com/en/investor-relations/company-reports.html,2026-08-22,High
BMW_3_E90,2012,,BMW Group Annual Report 2012 — Deliveries of BMW Vehicles by Model,https://www.bmwgroup.com/en/investor-relations/company-reports.html,2026-08-22,High
BMW_3_E90,2013,,BMW Group Annual Report 2013 — Deliveries of BMW Vehicles by Model,https://www.bmwgroup.com/en/investor-relations/company-reports.html,2026-08-22,High
BMW_3_F30,2011,,BMW Group Annual Report 2011 — Deliveries of BMW Vehicles by Model,https://www.bmwgroup.com/en/investor-relations/company-reports.html,2026-08-22,High
BMW_3_F30,2012,,BMW Group Annual Report 2012 — Deliveries of BMW Vehicles by Model,https://www.bmwgroup.com/en/investor-relations/company-reports.html,2026-08-22,High
BMW_3_F30,2013,,BMW Group Annual Report 2013 — Deliveries of BMW Vehicles by Model,https://www.bmwgroup.com/en/investor-relations/company-reports.html,2026-08-22,High
BMW_3_F30,2014,,BMW Group Annual Report 2014 — Deliveries of BMW Vehicles by Model,https://www.bmwgroup.com/en/investor-relations/company-reports.html,2026-08-22,High
BMW_3_F30,2015,,BMW Group Annual Report 2015 — Deliveries of BMW Vehicles by Model,https://www.bmwgroup.com/en/investor-relations/company-reports.html,2026-08-22,High
BMW_3_F30,2016,,BMW Group Annual Report 2016 — Deliveries of BMW Vehicles by Model,https://www.bmwgroup.com/en/investor-relations/company-reports.html,2026-08-22,High
BMW_3_F30,2017,,BMW Group Annual Report 2017 — Deliveries of BMW Vehicles by Model,https://www.bmwgroup.com/en/investor-relations/company-reports.html,2026-08-22,High
BMW_3_F30,2018,,BMW Group Annual Report 2018 — Deliveries of BMW Vehicles by Model,https://www.bmwgroup.com/en/investor-relations/company-reports.html,2026-08-22,High
BMW_3_F30,2019,,BMW Group Annual Report 2019 — Deliveries of BMW Vehicles by Model,https://www.bmwgroup.com/en/investor-relations/company-reports.html,2026-08-22,High
BMW_3_G20,2018,,BMW Group Annual Report 2018 — Deliveries of BMW Vehicles by Model,https://www.bmwgroup.com/en/investor-relations/company-reports.html,2026-08-22,High
BMW_3_G20,2019,,BMW Group Annual Report 2019 — Deliveries of BMW Vehicles by Model,https://www.bmwgroup.com/en/investor-relations/company-reports.html,2026-08-22,High
BMW_3_G20,2020,,BMW Group Annual Report 2020 — Deliveries of BMW Vehicles by Model,https://www.bmwgroup.com/en/investor-relations/company-reports.html,2026-08-22,High
BMW_3_G20,2021,,BMW Group Annual Report 2021 — Deliveries of BMW Vehicles by Model,https://www.bmwgroup.com/en/investor-relations/company-reports.html,2026-08-22,High
BMW_3_G20,2022,,BMW Group Annual Report 2022 — Deliveries of BMW Vehicles by Model,https://www.bmwgroup.com/en/investor-relations/company-reports.html,2026-08-22,High
BMW_3_G20,2023,,BMW Group Annual Report 2023 — Deliveries of BMW Vehicles by Model,https://www.bmwgroup.com/en/investor-relations/company-reports.html,2026-08-22,High
BMW_3_G20,2024,1,BMW Group Monthly Delivery Disclosures,https://www.press.bmwgroup.com,2026-08-22,High
BMW_3_G20,2024,2,BMW Group Monthly Delivery Disclosures,https://www.press.bmwgroup.com,2026-08-22,High
BMW_3_G20,2024,3,BMW Group Monthly Delivery Disclosures,https://www.press.bmwgroup.com,2026-08-22,High
BMW_3_G20,2024,4,BMW Group Monthly Delivery Disclosures,https://www.press.bmwgroup.com,2026-08-22,High
BMW_3_G20,2024,5,BMW Group Monthly Delivery Disclosures,https://www.press.bmwgroup.com,2026-08-22,High
BMW_3_G20,2024,6,BMW Group Monthly Delivery Disclosures,https://www.press.bmwgroup.com,2026-08-22,High
BMW_5_E12,1972,,BMW Group Classic Production Archive & Cumulative Series Statistics,https://www.bmwgroup-classic.com/en/history/historic-modeloverview-bmw.html,2026-08-22,High
BMW_5_E12,1973,,BMW Group Classic Production Archive & Cumulative Series Statistics,https://www.bmwgroup-classic.com/en/history/historic-modeloverview-bmw.html,2026-08-22,High
BMW_5_E12,1974,,BMW Group Classic Production Archive & Cumulative Series Statistics,https://www.bmwgroup-classic.com/en/history/historic-modeloverview-bmw.html,2026-08-22,High
BMW_5_E12,1975,,BMW Group Classic Production Archive & Cumulative Series Statistics,https://www.bmwgroup-classic.com/en/history/historic-modeloverview-bmw.html,2026-08-22,High
BMW_5_E12,1976,,BMW Group Classic Production Archive & Cumulative Series Statistics,https://www.bmwgroup-classic.com/en/history/historic-modeloverview-bmw.html,2026-08-22,High
BMW_5_E12,1977,,BMW Group Classic Production Archive & Cumulative Series Statistics,https://www.bmwgroup-classic.com/en/history/historic-modeloverview-bmw.html,2026-08-22,High
BMW_5_E12,1978,,BMW Group Classic Production Archive & Cumulative Series Statistics,https://www.bmwgroup-classic.com/en/history/historic-modeloverview-bmw.html,2026-08-22,High
BMW_5_E12,1979,,BMW Group Classic Production Archive & Cumulative Series Statistics,https://www.bmwgroup-classic.com/en/history/historic-modeloverview-bmw.html,2026-08-22,High
BMW_5_E12,1980,,BMW Group Classic Production Archive & Cumulative Series Statistics,https://www.bmwgroup-classic.com/en/history/historic-modeloverview-bmw.html,2026-08-22,High
BMW_5_E12,1981,,BMW Group Classic Production Archive & Cumulative Series Statistics,https://www.bmwgroup-classic.com/en/history/historic-modeloverview-bmw.html,2026-08-22,High
BMW_5_E28,1981,,BMW Group Classic Production Archive & Cumulative Series Statistics,https://www.bmwgroup-classic.com/en/history/historic-modeloverview-bmw.html,2026-08-22,High
BMW_5_E28,1982,,BMW Group Classic Production Archive & Cumulative Series Statistics,https://www.bmwgroup-classic.com/en/history/historic-modeloverview-bmw.html,2026-08-22,High
BMW_5_E28,1983,,BMW Group Classic Production Archive & Cumulative Series Statistics,https://www.bmwgroup-classic.com/en/history/historic-modeloverview-bmw.html,2026-08-22,High
BMW_5_E28,1984,,BMW Group Classic Production Archive & Cumulative Series Statistics,https://www.bmwgroup-classic.com/en/history/historic-modeloverview-bmw.html,2026-08-22,High
BMW_5_E28,1985,,BMW Group Classic Production Archive & Cumulative Series Statistics,https://www.bmwgroup-classic.com/en/history/historic-modeloverview-bmw.html,2026-08-22,High
BMW_5_E28,1986,,BMW Group Classic Production Archive & Cumulative Series Statistics,https://www.bmwgroup-classic.com/en/history/historic-modeloverview-bmw.html,2026-08-22,High
BMW_5_E28,1987,,BMW Group Classic Production Archive & Cumulative Series Statistics,https://www.bmwgroup-classic.com/en/history/historic-modeloverview-bmw.html,2026-08-22,High
BMW_5_E28,1988,,BMW Group Classic Production Archive & Cumulative Series Statistics,https://www.bmwgroup-classic.com/en/history/historic-modeloverview-bmw.html,2026-08-22,High
BMW_5_E34,1987,,BMW Group Classic Production Archive & Cumulative Series Statistics,https://www.bmwgroup-classic.com/en/history/historic-modeloverview-bmw.html,2026-08-22,High
BMW_5_E34,1988,,BMW Group Classic Production Archive & Cumulative Series Statistics,https://www.bmwgroup-classic.com/en/history/historic-modeloverview-bmw.html,2026-08-22,High
BMW_5_E34,1989,,BMW Group Classic Production Archive & Cumulative Series Statistics,https://www.bmwgroup-classic.com/en/history/historic-modeloverview-bmw.html,2026-08-22,High
BMW_5_E34,1990,,BMW Group Classic Production Archive & Cumulative Series Statistics,https://www.bmwgroup-classic.com/en/history/historic-modeloverview-bmw.html,2026-08-22,High
BMW_5_E34,1991,,BMW Group Classic Production Archive & Cumulative Series Statistics,https://www.bmwgroup-classic.com/en/history/historic-modeloverview-bmw.html,2026-08-22,High
BMW_5_E34,1992,,BMW Group Classic Production Archive & Cumulative Series Statistics,https://www.bmwgroup-classic.com/en/history/historic-modeloverview-bmw.html,2026-08-22,High
BMW_5_E34,1993,,BMW Group Classic Production Archive & Cumulative Series Statistics,https://www.bmwgroup-classic.com/en/history/historic-modeloverview-bmw.html,2026-08-22,High
BMW_5_E34,1994,,BMW Group Classic Production Archive & Cumulative Series Statistics,https://www.bmwgroup-classic.com/en/history/historic-modeloverview-bmw.html,2026-08-22,High
BMW_5_E34,1995,,BMW Group Classic Production Archive & Cumulative Series Statistics,https://www.bmwgroup-classic.com/en/history/historic-modeloverview-bmw.html,2026-08-22,High
BMW_5_E34,1996,,BMW Group Classic Production Archive & Cumulative Series Statistics,https://www.bmwgroup-classic.com/en/history/historic-modeloverview-bmw.html,2026-08-22,High
BMW_5_E39,1995,,BMW Group Classic Production Archive & Cumulative Series Statistics,https://www.bmwgroup-classic.com/en/history/historic-modeloverview-bmw.html,2026-08-22,High
BMW_5_E39,1996,,BMW Group Classic Production Archive & Cumulative Series Statistics,https://www.bmwgroup-classic.com/en/history/historic-modeloverview-bmw.html,2026-08-22,High
BMW_5_E39,1997,,BMW Group Classic Production Archive & Cumulative Series Statistics,https://www.bmwgroup-classic.com/en/history/historic-modeloverview-bmw.html,2026-08-22,High
BMW_5_E39,1998,,BMW Group Classic Production Archive & Cumulative Series Statistics,https://www.bmwgroup-classic.com/en/history/historic-modeloverview-bmw.html,2026-08-22,High
BMW_5_E39,1999,,BMW Group Classic Production Archive & Cumulative Series Statistics,https://www.bmwgroup-classic.com/en/history/historic-modeloverview-bmw.html,2026-08-22,High
BMW_5_E39,2000,,BMW Group Annual Report 2000 — Deliveries of BMW Vehicles by Model,https://www.bmwgroup.com/en/investor-relations/company-reports.html,2026-08-22,High
BMW_5_E39,2001,,BMW Group Annual Report 2001 — Deliveries of BMW Vehicles by Model,https://www.bmwgroup.com/en/investor-relations/company-reports.html,2026-08-22,High
BMW_5_E39,2002,,BMW Group Annual Report 2002 — Deliveries of BMW Vehicles by Model,https://www.bmwgroup.com/en/investor-relations/company-reports.html,2026-08-22,High
BMW_5_E39,2003,,BMW Group Annual Report 2003 — Deliveries of BMW Vehicles by Model,https://www.bmwgroup.com/en/investor-relations/company-reports.html,2026-08-22,High
BMW_5_E39,2004,,BMW Group Annual Report 2004 — Deliveries of BMW Vehicles by Model,https://www.bmwgroup.com/en/investor-relations/company-reports.html,2026-08-22,High
BMW_5_E60,2003,,BMW Group Annual Report 2003 — Deliveries of BMW Vehicles by Model,https://www.bmwgroup.com/en/investor-relations/company-reports.html,2026-08-22,High
BMW_5_E60,2004,,BMW Group Annual Report 2004 — Deliveries of BMW Vehicles by Model,https://www.bmwgroup.com/en/investor-relations/company-reports.html,2026-08-22,High
BMW_5_E60,2005,,BMW Group Annual Report 2005 — Deliveries of BMW Vehicles by Model,https://www.bmwgroup.com/en/investor-relations/company-reports.html,2026-08-22,High
BMW_5_E60,2006,,BMW Group Annual Report 2006 — Deliveries of BMW Vehicles by Model,https://www.bmwgroup.com/en/investor-relations/company-reports.html,2026-08-22,High
BMW_5_E60,2007,,BMW Group Annual Report 2007 — Deliveries of BMW Vehicles by Model,https://www.bmwgroup.com/en/investor-relations/company-reports.html,2026-08-22,High
BMW_5_E60,2008,,BMW Group Annual Report 2008 — Deliveries of BMW Vehicles by Model,https://www.bmwgroup.com/en/investor-relations/company-reports.html,2026-08-22,High
BMW_5_E60,2009,,BMW Group Annual Report 2009 — Deliveries of BMW Vehicles by Model,https://www.bmwgroup.com/en/investor-relations/company-reports.html,2026-08-22,High
BMW_5_E60,2010,,BMW Group Annual Report 2010 — Deliveries of BMW Vehicles by Model,https://www.bmwgroup.com/en/investor-relations/company-reports.html,2026-08-22,High
BMW_5_F10,2010,,BMW Group Annual Report 2010 — Deliveries of BMW Vehicles by Model,https://www.bmwgroup.com/en/investor-relations/company-reports.html,2026-08-22,High
BMW_5_F10,2011,,BMW Group Annual Report 2011 — Deliveries of BMW Vehicles by Model,https://www.bmwgroup.com/en/investor-relations/company-reports.html,2026-08-22,High
BMW_5_F10,2012,,BMW Group Annual Report 2012 — Deliveries of BMW Vehicles by Model,https://www.bmwgroup.com/en/investor-relations/company-reports.html,2026-08-22,High
BMW_5_F10,2013,,BMW Group Annual Report 2013 — Deliveries of BMW Vehicles by Model,https://www.bmwgroup.com/en/investor-relations/company-reports.html,2026-08-22,High
BMW_5_F10,2014,,BMW Group Annual Report 2014 — Deliveries of BMW Vehicles by Model,https://www.bmwgroup.com/en/investor-relations/company-reports.html,2026-08-22,High
BMW_5_F10,2015,,BMW Group Annual Report 2015 — Deliveries of BMW Vehicles by Model,https://www.bmwgroup.com/en/investor-relations/company-reports.html,2026-08-22,High
BMW_5_F10,2016,,BMW Group Annual Report 2016 — Deliveries of BMW Vehicles by Model,https://www.bmwgroup.com/en/investor-relations/company-reports.html,2026-08-22,High
BMW_5_F10,2017,,BMW Group Annual Report 2017 — Deliveries of BMW Vehicles by Model,https://www.bmwgroup.com/en/investor-relations/company-reports.html,2026-08-22,High
BMW_5_G30,2017,,BMW Group Annual Report 2017 — Deliveries of BMW Vehicles by Model,https://www.bmwgroup.com/en/investor-relations/company-reports.html,2026-08-22,High
BMW_5_G30,2018,,BMW Group Annual Report 2018 — Deliveries of BMW Vehicles by Model,https://www.bmwgroup.com/en/investor-relations/company-reports.html,2026-08-22,High
BMW_5_G30,2019,,BMW Group Annual Report 2019 — Deliveries of BMW Vehicles by Model,https://www.bmwgroup.com/en/investor-relations/company-reports.html,2026-08-22,High
BMW_5_G30,2020,,BMW Group Annual Report 2020 — Deliveries of BMW Vehicles by Model,https://www.bmwgroup.com/en/investor-relations/company-reports.html,2026-08-22,High
BMW_5_G30,2021,,BMW Group Annual Report 2021 — Deliveries of BMW Vehicles by Model,https://www.bmwgroup.com/en/investor-relations/company-reports.html,2026-08-22,High
BMW_5_G30,2022,,BMW Group Annual Report 2022 — Deliveries of BMW Vehicles by Model,https://www.bmwgroup.com/en/investor-relations/company-reports.html,2026-08-22,High
BMW_5_G30,2023,,BMW Group Annual Report 2023 — Deliveries of BMW Vehicles by Model,https://www.bmwgroup.com/en/investor-relations/company-reports.html,2026-08-22,High
BMW_5_G60,2023,,BMW Group Annual Report 2023 — Deliveries of BMW Vehicles by Model,https://www.bmwgroup.com/en/investor-relations/company-reports.html,2026-08-22,High
BMW_5_G60,2024,1,BMW Group Monthly Delivery Disclosures,https://www.press.bmwgroup.com,2026-08-22,High
BMW_5_G60,2024,2,BMW Group Monthly Delivery Disclosures,https://www.press.bmwgroup.com,2026-08-22,High
BMW_5_G60,2024,3,BMW Group Monthly Delivery Disclosures,https://www.press.bmwgroup.com,2026-08-22,High
BMW_5_G60,2024,4,BMW Group Monthly Delivery Disclosures,https://www.press.bmwgroup.com,2026-08-22,High
BMW_5_G60,2024,5,BMW Group Monthly Delivery Disclosures,https://www.press.bmwgroup.com,2026-08-22,High
BMW_5_G60,2024,6,BMW Group Monthly Delivery Disclosures,https://www.press.bmwgroup.com,2026-08-22,High
BMW_7_E23,1977,,BMW Group Classic Production Archive & Cumulative Series Statistics,https://www.bmwgroup-classic.com/en/history/historic-modeloverview-bmw.html,2026-08-22,High
BMW_7_E23,1978,,BMW Group Classic Production Archive & Cumulative Series Statistics,https://www.bmwgroup-classic.com/en/history/historic-modeloverview-bmw.html,2026-08-22,High
BMW_7_E23,1979,,BMW Group Classic Production Archive & Cumulative Series Statistics,https://www.bmwgroup-classic.com/en/history/historic-modeloverview-bmw.html,2026-08-22,High
BMW_7_E23,1980,,BMW Group Classic Production Archive & Cumulative Series Statistics,https://www.bmwgroup-classic.com/en/history/historic-modeloverview-bmw.html,2026-08-22,High
BMW_7_E23,1981,,BMW Group Classic Production Archive & Cumulative Series Statistics,https://www.bmwgroup-classic.com/en/history/historic-modeloverview-bmw.html,2026-08-22,High
BMW_7_E23,1982,,BMW Group Classic Production Archive & Cumulative Series Statistics,https://www.bmwgroup-classic.com/en/history/historic-modeloverview-bmw.html,2026-08-22,High
BMW_7_E23,1983,,BMW Group Classic Production Archive & Cumulative Series Statistics,https://www.bmwgroup-classic.com/en/history/historic-modeloverview-bmw.html,2026-08-22,High
BMW_7_E23,1984,,BMW Group Classic Production Archive & Cumulative Series Statistics,https://www.bmwgroup-classic.com/en/history/historic-modeloverview-bmw.html,2026-08-22,High
BMW_7_E23,1985,,BMW Group Classic Production Archive & Cumulative Series Statistics,https://www.bmwgroup-classic.com/en/history/historic-modeloverview-bmw.html,2026-08-22,High
BMW_7_E23,1986,,BMW Group Classic Production Archive & Cumulative Series Statistics,https://www.bmwgroup-classic.com/en/history/historic-modeloverview-bmw.html,2026-08-22,High
BMW_7_E32,1986,,BMW Group Classic Production Archive & Cumulative Series Statistics,https://www.bmwgroup-classic.com/en/history/historic-modeloverview-bmw.html,2026-08-22,High
BMW_7_E32,1987,,BMW Group Classic Production Archive & Cumulative Series Statistics,https://www.bmwgroup-classic.com/en/history/historic-modeloverview-bmw.html,2026-08-22,High
BMW_7_E32,1988,,BMW Group Classic Production Archive & Cumulative Series Statistics,https://www.bmwgroup-classic.com/en/history/historic-modeloverview-bmw.html,2026-08-22,High
BMW_7_E32,1989,,BMW Group Classic Production Archive & Cumulative Series Statistics,https://www.bmwgroup-classic.com/en/history/historic-modeloverview-bmw.html,2026-08-22,High
BMW_7_E32,1990,,BMW Group Classic Production Archive & Cumulative Series Statistics,https://www.bmwgroup-classic.com/en/history/historic-modeloverview-bmw.html,2026-08-22,High
BMW_7_E32,1991,,BMW Group Classic Production Archive & Cumulative Series Statistics,https://www.bmwgroup-classic.com/en/history/historic-modeloverview-bmw.html,2026-08-22,High
BMW_7_E32,1992,,BMW Group Classic Production Archive & Cumulative Series Statistics,https://www.bmwgroup-classic.com/en/history/historic-modeloverview-bmw.html,2026-08-22,High
BMW_7_E32,1993,,BMW Group Classic Production Archive & Cumulative Series Statistics,https://www.bmwgroup-classic.com/en/history/historic-modeloverview-bmw.html,2026-08-22,High
BMW_7_E32,1994,,BMW Group Classic Production Archive & Cumulative Series Statistics,https://www.bmwgroup-classic.com/en/history/historic-modeloverview-bmw.html,2026-08-22,High
BMW_7_E38,1994,,BMW Group Classic Production Archive & Cumulative Series Statistics,https://www.bmwgroup-classic.com/en/history/historic-modeloverview-bmw.html,2026-08-22,High
BMW_7_E38,1995,,BMW Group Classic Production Archive & Cumulative Series Statistics,https://www.bmwgroup-classic.com/en/history/historic-modeloverview-bmw.html,2026-08-22,High
BMW_7_E38,1996,,BMW Group Classic Production Archive & Cumulative Series Statistics,https://www.bmwgroup-classic.com/en/history/historic-modeloverview-bmw.html,2026-08-22,High
BMW_7_E38,1997,,BMW Group Classic Production Archive & Cumulative Series Statistics,https://www.bmwgroup-classic.com/en/history/historic-modeloverview-bmw.html,2026-08-22,High
BMW_7_E38,1998,,BMW Group Classic Production Archive & Cumulative Series Statistics,https://www.bmwgroup-classic.com/en/history/historic-modeloverview-bmw.html,2026-08-22,High
BMW_7_E38,1999,,BMW Group Classic Production Archive & Cumulative Series Statistics,https://www.bmwgroup-classic.com/en/history/historic-modeloverview-bmw.html,2026-08-22,High
BMW_7_E38,2000,,BMW Group Annual Report 2000 — Deliveries of BMW Vehicles by Model,https://www.bmwgroup.com/en/investor-relations/company-reports.html,2026-08-22,High
BMW_7_E38,2001,,BMW Group Annual Report 2001 — Deliveries of BMW Vehicles by Model,https://www.bmwgroup.com/en/investor-relations/company-reports.html,2026-08-22,High
BMW_7_E65,2001,,BMW Group Annual Report 2001 — Deliveries of BMW Vehicles by Model,https://www.bmwgroup.com/en/investor-relations/company-reports.html,2026-08-22,High
BMW_7_E65,2002,,BMW Group Annual Report 2002 — Deliveries of BMW Vehicles by Model,https://www.bmwgroup.com/en/investor-relations/company-reports.html,2026-08-22,High
BMW_7_E65,2003,,BMW Group Annual Report 2003 — Deliveries of BMW Vehicles by Model,https://www.bmwgroup.com/en/investor-relations/company-reports.html,2026-08-22,High
BMW_7_E65,2004,,BMW Group Annual Report 2004 — Deliveries of BMW Vehicles by Model,https://www.bmwgroup.com/en/investor-relations/company-reports.html,2026-08-22,High
BMW_7_E65,2005,,BMW Group Annual Report 2005 — Deliveries of BMW Vehicles by Model,https://www.bmwgroup.com/en/investor-relations/company-reports.html,2026-08-22,High
BMW_7_E65,2006,,BMW Group Annual Report 2006 — Deliveries of BMW Vehicles by Model,https://www.bmwgroup.com/en/investor-relations/company-reports.html,2026-08-22,High
BMW_7_E65,2007,,BMW Group Annual Report 2007 — Deliveries of BMW Vehicles by Model,https://www.bmwgroup.com/en/investor-relations/company-reports.html,2026-08-22,High
BMW_7_E65,2008,,BMW Group Annual Report 2008 — Deliveries of BMW Vehicles by Model,https://www.bmwgroup.com/en/investor-relations/company-reports.html,2026-08-22,High
BMW_7_F01,2008,,BMW Group Annual Report 2008 — Deliveries of BMW Vehicles by Model,https://www.bmwgroup.com/en/investor-relations/company-reports.html,2026-08-22,High
BMW_7_F01,2009,,BMW Group Annual Report 2009 — Deliveries of BMW Vehicles by Model,https://www.bmwgroup.com/en/investor-relations/company-reports.html,2026-08-22,High
BMW_7_F01,2010,,BMW Group Annual Report 2010 — Deliveries of BMW Vehicles by Model,https://www.bmwgroup.com/en/investor-relations/company-reports.html,2026-08-22,High
BMW_7_F01,2011,,BMW Group Annual Report 2011 — Deliveries of BMW Vehicles by Model,https://www.bmwgroup.com/en/investor-relations/company-reports.html,2026-08-22,High
BMW_7_F01,2012,,BMW Group Annual Report 2012 — Deliveries of BMW Vehicles by Model,https://www.bmwgroup.com/en/investor-relations/company-reports.html,2026-08-22,High
BMW_7_F01,2013,,BMW Group Annual Report 2013 — Deliveries of BMW Vehicles by Model,https://www.bmwgroup.com/en/investor-relations/company-reports.html,2026-08-22,High
BMW_7_F01,2014,,BMW Group Annual Report 2014 — Deliveries of BMW Vehicles by Model,https://www.bmwgroup.com/en/investor-relations/company-reports.html,2026-08-22,High
BMW_7_F01,2015,,BMW Group Annual Report 2015 — Deliveries of BMW Vehicles by Model,https://www.bmwgroup.com/en/investor-relations/company-reports.html,2026-08-22,High
BMW_7_G11,2015,,BMW Group Annual Report 2015 — Deliveries of BMW Vehicles by Model,https://www.bmwgroup.com/en/investor-relations/company-reports.html,2026-08-22,High
BMW_7_G11,2016,,BMW Group Annual Report 2016 — Deliveries of BMW Vehicles by Model,https://www.bmwgroup.com/en/investor-relations/company-reports.html,2026-08-22,High
BMW_7_G11,2017,,BMW Group Annual Report 2017 — Deliveries of BMW Vehicles by Model,https://www.bmwgroup.com/en/investor-relations/company-reports.html,2026-08-22,High
BMW_7_G11,2018,,BMW Group Annual Report 2018 — Deliveries of BMW Vehicles by Model,https://www.bmwgroup.com/en/investor-relations/company-reports.html,2026-08-22,High
BMW_7_G11,2019,,BMW Group Annual Report 2019 — Deliveries of BMW Vehicles by Model,https://www.bmwgroup.com/en/investor-relations/company-reports.html,2026-08-22,High
BMW_7_G11,2020,,BMW Group Annual Report 2020 — Deliveries of BMW Vehicles by Model,https://www.bmwgroup.com/en/investor-relations/company-reports.html,2026-08-22,High
BMW_7_G11,2021,,BMW Group Annual Report 2021 — Deliveries of BMW Vehicles by Model,https://www.bmwgroup.com/en/investor-relations/company-reports.html,2026-08-22,High
BMW_7_G11,2022,,BMW Group Annual Report 2022 — Deliveries of BMW Vehicles by Model,https://www.bmwgroup.com/en/investor-relations/company-reports.html,2026-08-22,High
BMW_7_G70,2022,,BMW Group Annual Report 2022 — Deliveries of BMW Vehicles by Model,https://www.bmwgroup.com/en/investor-relations/company-reports.html,2026-08-22,High
BMW_7_G70,2023,,BMW Group Annual Report 2023 — Deliveries of BMW Vehicles by Model,https://www.bmwgroup.com/en/investor-relations/company-reports.html,2026-08-22,High
BMW_7_G70,2024,1,BMW Group Monthly Delivery Disclosures,https://www.press.bmwgroup.com,2026-08-22,High
BMW_7_G70,2024,2,BMW Group Monthly Delivery Disclosures,https://www.press.bmwgroup.com,2026-08-22,High
BMW_7_G70,2024,3,BMW Group Monthly Delivery Disclosures,https://www.press.bmwgroup.com,2026-08-22,High
BMW_7_G70,2024,4,BMW Group Monthly Delivery Disclosures,https://www.press.bmwgroup.com,2026-08-22,High
BMW_7_G70,2024,5,BMW Group Monthly Delivery Disclosures,https://www.press.bmwgroup.com,2026-08-22,High
BMW_7_G70,2024,6,BMW Group Monthly Delivery Disclosures,https://www.press.bmwgroup.com,2026-08-22,High
BMW_6_E24,1976,,BMW Group Classic Production Archive & Cumulative Series Statistics,https://www.bmwgroup-classic.com/en/history/historic-modeloverview-bmw.html,2026-08-22,High
BMW_6_E24,1977,,BMW Group Classic Production Archive & Cumulative Series Statistics,https://www.bmwgroup-classic.com/en/history/historic-modeloverview-bmw.html,2026-08-22,High
BMW_6_E24,1978,,BMW Group Classic Production Archive & Cumulative Series Statistics,https://www.bmwgroup-classic.com/en/history/historic-modeloverview-bmw.html,2026-08-22,High
BMW_6_E24,1979,,BMW Group Classic Production Archive & Cumulative Series Statistics,https://www.bmwgroup-classic.com/en/history/historic-modeloverview-bmw.html,2026-08-22,High
BMW_6_E24,1980,,BMW Group Classic Production Archive & Cumulative Series Statistics,https://www.bmwgroup-classic.com/en/history/historic-modeloverview-bmw.html,2026-08-22,High
BMW_6_E24,1981,,BMW Group Classic Production Archive & Cumulative Series Statistics,https://www.bmwgroup-classic.com/en/history/historic-modeloverview-bmw.html,2026-08-22,High
BMW_6_E24,1982,,BMW Group Classic Production Archive & Cumulative Series Statistics,https://www.bmwgroup-classic.com/en/history/historic-modeloverview-bmw.html,2026-08-22,High
BMW_6_E24,1983,,BMW Group Classic Production Archive & Cumulative Series Statistics,https://www.bmwgroup-classic.com/en/history/historic-modeloverview-bmw.html,2026-08-22,High
BMW_6_E24,1984,,BMW Group Classic Production Archive & Cumulative Series Statistics,https://www.bmwgroup-classic.com/en/history/historic-modeloverview-bmw.html,2026-08-22,High
BMW_6_E24,1985,,BMW Group Classic Production Archive & Cumulative Series Statistics,https://www.bmwgroup-classic.com/en/history/historic-modeloverview-bmw.html,2026-08-22,High
BMW_6_E24,1986,,BMW Group Classic Production Archive & Cumulative Series Statistics,https://www.bmwgroup-classic.com/en/history/historic-modeloverview-bmw.html,2026-08-22,High
BMW_6_E24,1987,,BMW Group Classic Production Archive & Cumulative Series Statistics,https://www.bmwgroup-classic.com/en/history/historic-modeloverview-bmw.html,2026-08-22,High
BMW_6_E24,1988,,BMW Group Classic Production Archive & Cumulative Series Statistics,https://www.bmwgroup-classic.com/en/history/historic-modeloverview-bmw.html,2026-08-22,High
BMW_6_E24,1989,,BMW Group Classic Production Archive & Cumulative Series Statistics,https://www.bmwgroup-classic.com/en/history/historic-modeloverview-bmw.html,2026-08-22,High
BMW_6_E63,2003,,BMW Group Annual Report 2003 — Deliveries of BMW Vehicles by Model,https://www.bmwgroup.com/en/investor-relations/company-reports.html,2026-08-22,High
BMW_6_E63,2004,,BMW Group Annual Report 2004 — Deliveries of BMW Vehicles by Model,https://www.bmwgroup.com/en/investor-relations/company-reports.html,2026-08-22,High
BMW_6_E63,2005,,BMW Group Annual Report 2005 — Deliveries of BMW Vehicles by Model,https://www.bmwgroup.com/en/investor-relations/company-reports.html,2026-08-22,High
BMW_6_E63,2006,,BMW Group Annual Report 2006 — Deliveries of BMW Vehicles by Model,https://www.bmwgroup.com/en/investor-relations/company-reports.html,2026-08-22,High
BMW_6_E63,2007,,BMW Group Annual Report 2007 — Deliveries of BMW Vehicles by Model,https://www.bmwgroup.com/en/investor-relations/company-reports.html,2026-08-22,High
BMW_6_E63,2008,,BMW Group Annual Report 2008 — Deliveries of BMW Vehicles by Model,https://www.bmwgroup.com/en/investor-relations/company-reports.html,2026-08-22,High
BMW_6_E63,2009,,BMW Group Annual Report 2009 — Deliveries of BMW Vehicles by Model,https://www.bmwgroup.com/en/investor-relations/company-reports.html,2026-08-22,High
BMW_6_E63,2010,,BMW Group Annual Report 2010 — Deliveries of BMW Vehicles by Model,https://www.bmwgroup.com/en/investor-relations/company-reports.html,2026-08-22,High
BMW_6_F12,2011,,BMW Group Annual Report 2011 — Deliveries of BMW Vehicles by Model,https://www.bmwgroup.com/en/investor-relations/company-reports.html,2026-08-22,High
BMW_6_F12,2012,,BMW Group Annual Report 2012 — Deliveries of BMW Vehicles by Model,https://www.bmwgroup.com/en/investor-relations/company-reports.html,2026-08-22,High
BMW_6_F12,2013,,BMW Group Annual Report 2013 — Deliveries of BMW Vehicles by Model,https://www.bmwgroup.com/en/investor-relations/company-reports.html,2026-08-22,High
BMW_6_F12,2014,,BMW Group Annual Report 2014 — Deliveries of BMW Vehicles by Model,https://www.bmwgroup.com/en/investor-relations/company-reports.html,2026-08-22,High
BMW_6_F12,2015,,BMW Group Annual Report 2015 — Deliveries of BMW Vehicles by Model,https://www.bmwgroup.com/en/investor-relations/company-reports.html,2026-08-22,High
BMW_6_F12,2016,,BMW Group Annual Report 2016 — Deliveries of BMW Vehicles by Model,https://www.bmwgroup.com/en/investor-relations/company-reports.html,2026-08-22,High
BMW_6_F12,2017,,BMW Group Annual Report 2017 — Deliveries of BMW Vehicles by Model,https://www.bmwgroup.com/en/investor-relations/company-reports.html,2026-08-22,High
BMW_6_F12,2018,,BMW Group Annual Report 2018 — Deliveries of BMW Vehicles by Model,https://www.bmwgroup.com/en/investor-relations/company-reports.html,2026-08-22,High
BMW_6_G32,2017,,BMW Group Annual Report 2017 — Deliveries of BMW Vehicles by Model,https://www.bmwgroup.com/en/investor-relations/company-reports.html,2026-08-22,High
BMW_6_G32,2018,,BMW Group Annual Report 2018 — Deliveries of BMW Vehicles by Model,https://www.bmwgroup.com/en/investor-relations/company-reports.html,2026-08-22,High
BMW_6_G32,2019,,BMW Group Annual Report 2019 — Deliveries of BMW Vehicles by Model,https://www.bmwgroup.com/en/investor-relations/company-reports.html,2026-08-22,High
BMW_6_G32,2020,,BMW Group Annual Report 2020 — Deliveries of BMW Vehicles by Model,https://www.bmwgroup.com/en/investor-relations/company-reports.html,2026-08-22,High
BMW_6_G32,2021,,BMW Group Annual Report 2021 — Deliveries of BMW Vehicles by Model,https://www.bmwgroup.com/en/investor-relations/company-reports.html,2026-08-22,High
BMW_6_G32,2022,,BMW Group Annual Report 2022 — Deliveries of BMW Vehicles by Model,https://www.bmwgroup.com/en/investor-relations/company-reports.html,2026-08-22,High
BMW_6_G32,2023,,BMW Group Annual Report 2023 — Deliveries of BMW Vehicles by Model,https://www.bmwgroup.com/en/investor-relations/company-reports.html,2026-08-22,High
BMW_8_E31,1989,,BMW Group Classic Production Archive & Cumulative Series Statistics,https://www.bmwgroup-classic.com/en/history/historic-modeloverview-bmw.html,2026-08-22,High
BMW_8_E31,1990,,BMW Group Classic Production Archive & Cumulative Series Statistics,https://www.bmwgroup-classic.com/en/history/historic-modeloverview-bmw.html,2026-08-22,High
BMW_8_E31,1991,,BMW Group Classic Production Archive & Cumulative Series Statistics,https://www.bmwgroup-classic.com/en/history/historic-modeloverview-bmw.html,2026-08-22,High
BMW_8_E31,1992,,BMW Group Classic Production Archive & Cumulative Series Statistics,https://www.bmwgroup-classic.com/en/history/historic-modeloverview-bmw.html,2026-08-22,High
BMW_8_E31,1993,,BMW Group Classic Production Archive & Cumulative Series Statistics,https://www.bmwgroup-classic.com/en/history/historic-modeloverview-bmw.html,2026-08-22,High
BMW_8_E31,1994,,BMW Group Classic Production Archive & Cumulative Series Statistics,https://www.bmwgroup-classic.com/en/history/historic-modeloverview-bmw.html,2026-08-22,High
BMW_8_E31,1995,,BMW Group Classic Production Archive & Cumulative Series Statistics,https://www.bmwgroup-classic.com/en/history/historic-modeloverview-bmw.html,2026-08-22,High
BMW_8_E31,1996,,BMW Group Classic Production Archive & Cumulative Series Statistics,https://www.bmwgroup-classic.com/en/history/historic-modeloverview-bmw.html,2026-08-22,High
BMW_8_E31,1997,,BMW Group Classic Production Archive & Cumulative Series Statistics,https://www.bmwgroup-classic.com/en/history/historic-modeloverview-bmw.html,2026-08-22,High
BMW_8_E31,1998,,BMW Group Classic Production Archive & Cumulative Series Statistics,https://www.bmwgroup-classic.com/en/history/historic-modeloverview-bmw.html,2026-08-22,High
BMW_8_E31,1999,,BMW Group Classic Production Archive & Cumulative Series Statistics,https://www.bmwgroup-classic.com/en/history/historic-modeloverview-bmw.html,2026-08-22,High
BMW_8_G15,2018,,BMW Group Annual Report 2018 — Deliveries of BMW Vehicles by Model,https://www.bmwgroup.com/en/investor-relations/company-reports.html,2026-08-22,High
BMW_8_G15,2019,,BMW Group Annual Report 2019 — Deliveries of BMW Vehicles by Model,https://www.bmwgroup.com/en/investor-relations/company-reports.html,2026-08-22,High
BMW_8_G15,2020,,BMW Group Annual Report 2020 — Deliveries of BMW Vehicles by Model,https://www.bmwgroup.com/en/investor-relations/company-reports.html,2026-08-22,High
BMW_8_G15,2021,,BMW Group Annual Report 2021 — Deliveries of BMW Vehicles by Model,https://www.bmwgroup.com/en/investor-relations/company-reports.html,2026-08-22,High
BMW_8_G15,2022,,BMW Group Annual Report 2022 — Deliveries of BMW Vehicles by Model,https://www.bmwgroup.com/en/investor-relations/company-reports.html,2026-08-22,High
BMW_8_G15,2023,,BMW Group Annual Report 2023 — Deliveries of BMW Vehicles by Model,https://www.bmwgroup.com/en/investor-relations/company-reports.html,2026-08-22,High
BMW_8_G15,2024,1,BMW Group Monthly Delivery Disclosures,https://www.press.bmwgroup.com,2026-08-22,High
BMW_8_G15,2024,2,BMW Group Monthly Delivery Disclosures,https://www.press.bmwgroup.com,2026-08-22,High
BMW_8_G15,2024,3,BMW Group Monthly Delivery Disclosures,https://www.press.bmwgroup.com,2026-08-22,High
BMW_8_G15,2024,4,BMW Group Monthly Delivery Disclosures,https://www.press.bmwgroup.com,2026-08-22,High
BMW_8_G15,2024,5,BMW Group Monthly Delivery Disclosures,https://www.press.bmwgroup.com,2026-08-22,High
BMW_8_G15,2024,6,BMW Group Monthly Delivery Disclosures,https://www.press.bmwgroup.com,2026-08-22,High
BMW_1_E87,2004,,BMW Group Annual Report 2004 — Deliveries of BMW Vehicles by Model,https://www.bmwgroup.com/en/investor-relations/company-reports.html,2026-08-22,High
BMW_1_E87,2005,,BMW Group Annual Report 2005 — Deliveries of BMW Vehicles by Model,https://www.bmwgroup.com/en/investor-relations/company-reports.html,2026-08-22,High
BMW_1_E87,2006,,BMW Group Annual Report 2006 — Deliveries of BMW Vehicles by Model,https://www.bmwgroup.com/en/investor-relations/company-reports.html,2026-08-22,High
BMW_1_E87,2007,,BMW Group Annual Report 2007 — Deliveries of BMW Vehicles by Model,https://www.bmwgroup.com/en/investor-relations/company-reports.html,2026-08-22,High
BMW_1_E87,2008,,BMW Group Annual Report 2008 — Deliveries of BMW Vehicles by Model,https://www.bmwgroup.com/en/investor-relations/company-reports.html,2026-08-22,High
BMW_1_E87,2009,,BMW Group Annual Report 2009 — Deliveries of BMW Vehicles by Model,https://www.bmwgroup.com/en/investor-relations/company-reports.html,2026-08-22,High
BMW_1_E87,2010,,BMW Group Annual Report 2010 — Deliveries of BMW Vehicles by Model,https://www.bmwgroup.com/en/investor-relations/company-reports.html,2026-08-22,High
BMW_1_E87,2011,,BMW Group Annual Report 2011 — Deliveries of BMW Vehicles by Model,https://www.bmwgroup.com/en/investor-relations/company-reports.html,2026-08-22,High
BMW_1_E87,2012,,BMW Group Annual Report 2012 — Deliveries of BMW Vehicles by Model,https://www.bmwgroup.com/en/investor-relations/company-reports.html,2026-08-22,High
BMW_1_E87,2013,,BMW Group Annual Report 2013 — Deliveries of BMW Vehicles by Model,https://www.bmwgroup.com/en/investor-relations/company-reports.html,2026-08-22,High
BMW_1_F20,2011,,BMW Group Annual Report 2011 — Deliveries of BMW Vehicles by Model,https://www.bmwgroup.com/en/investor-relations/company-reports.html,2026-08-22,High
BMW_1_F20,2012,,BMW Group Annual Report 2012 — Deliveries of BMW Vehicles by Model,https://www.bmwgroup.com/en/investor-relations/company-reports.html,2026-08-22,High
BMW_1_F20,2013,,BMW Group Annual Report 2013 — Deliveries of BMW Vehicles by Model,https://www.bmwgroup.com/en/investor-relations/company-reports.html,2026-08-22,High
BMW_1_F20,2014,,BMW Group Annual Report 2014 — Deliveries of BMW Vehicles by Model,https://www.bmwgroup.com/en/investor-relations/company-reports.html,2026-08-22,High
BMW_1_F20,2015,,BMW Group Annual Report 2015 — Deliveries of BMW Vehicles by Model,https://www.bmwgroup.com/en/investor-relations/company-reports.html,2026-08-22,High
BMW_1_F20,2016,,BMW Group Annual Report 2016 — Deliveries of BMW Vehicles by Model,https://www.bmwgroup.com/en/investor-relations/company-reports.html,2026-08-22,High
BMW_1_F20,2017,,BMW Group Annual Report 2017 — Deliveries of BMW Vehicles by Model,https://www.bmwgroup.com/en/investor-relations/company-reports.html,2026-08-22,High
BMW_1_F20,2018,,BMW Group Annual Report 2018 — Deliveries of BMW Vehicles by Model,https://www.bmwgroup.com/en/investor-relations/company-reports.html,2026-08-22,High
BMW_1_F20,2019,,BMW Group Annual Report 2019 — Deliveries of BMW Vehicles by Model,https://www.bmwgroup.com/en/investor-relations/company-reports.html,2026-08-22,High
BMW_1_F40,2019,,BMW Group Annual Report 2019 — Deliveries of BMW Vehicles by Model,https://www.bmwgroup.com/en/investor-relations/company-reports.html,2026-08-22,High
BMW_1_F40,2020,,BMW Group Annual Report 2020 — Deliveries of BMW Vehicles by Model,https://www.bmwgroup.com/en/investor-relations/company-reports.html,2026-08-22,High
BMW_1_F40,2021,,BMW Group Annual Report 2021 — Deliveries of BMW Vehicles by Model,https://www.bmwgroup.com/en/investor-relations/company-reports.html,2026-08-22,High
BMW_1_F40,2022,,BMW Group Annual Report 2022 — Deliveries of BMW Vehicles by Model,https://www.bmwgroup.com/en/investor-relations/company-reports.html,2026-08-22,High
BMW_1_F40,2023,,BMW Group Annual Report 2023 — Deliveries of BMW Vehicles by Model,https://www.bmwgroup.com/en/investor-relations/company-reports.html,2026-08-22,High
BMW_1_F40,2024,,BMW Group Annual Report 2024 — Deliveries of BMW Vehicles by Model,https://www.bmwgroup.com/en/investor-relations/company-reports.html,2026-08-22,High
BMW_1_F70,2024,6,BMW Group Monthly Delivery Disclosures,https://www.press.bmwgroup.com,2026-08-22,High
BMW_2_F22,2014,,BMW Group Annual Report 2014 — Deliveries of BMW Vehicles by Model,https://www.bmwgroup.com/en/investor-relations/company-reports.html,2026-08-22,High
BMW_2_F22,2015,,BMW Group Annual Report 2015 — Deliveries of BMW Vehicles by Model,https://www.bmwgroup.com/en/investor-relations/company-reports.html,2026-08-22,High
BMW_2_F22,2016,,BMW Group Annual Report 2016 — Deliveries of BMW Vehicles by Model,https://www.bmwgroup.com/en/investor-relations/company-reports.html,2026-08-22,High
BMW_2_F22,2017,,BMW Group Annual Report 2017 — Deliveries of BMW Vehicles by Model,https://www.bmwgroup.com/en/investor-relations/company-reports.html,2026-08-22,High
BMW_2_F22,2018,,BMW Group Annual Report 2018 — Deliveries of BMW Vehicles by Model,https://www.bmwgroup.com/en/investor-relations/company-reports.html,2026-08-22,High
BMW_2_F22,2019,,BMW Group Annual Report 2019 — Deliveries of BMW Vehicles by Model,https://www.bmwgroup.com/en/investor-relations/company-reports.html,2026-08-22,High
BMW_2_F22,2020,,BMW Group Annual Report 2020 — Deliveries of BMW Vehicles by Model,https://www.bmwgroup.com/en/investor-relations/company-reports.html,2026-08-22,High
BMW_2_F22,2021,,BMW Group Annual Report 2021 — Deliveries of BMW Vehicles by Model,https://www.bmwgroup.com/en/investor-relations/company-reports.html,2026-08-22,High
BMW_2_F45,2014,,BMW Group Annual Report 2014 — Deliveries of BMW Vehicles by Model,https://www.bmwgroup.com/en/investor-relations/company-reports.html,2026-08-22,High
BMW_2_F45,2015,,BMW Group Annual Report 2015 — Deliveries of BMW Vehicles by Model,https://www.bmwgroup.com/en/investor-relations/company-reports.html,2026-08-22,High
BMW_2_F45,2016,,BMW Group Annual Report 2016 — Deliveries of BMW Vehicles by Model,https://www.bmwgroup.com/en/investor-relations/company-reports.html,2026-08-22,High
BMW_2_F45,2017,,BMW Group Annual Report 2017 — Deliveries of BMW Vehicles by Model,https://www.bmwgroup.com/en/investor-relations/company-reports.html,2026-08-22,High
BMW_2_F45,2018,,BMW Group Annual Report 2018 — Deliveries of BMW Vehicles by Model,https://www.bmwgroup.com/en/investor-relations/company-reports.html,2026-08-22,High
BMW_2_F45,2019,,BMW Group Annual Report 2019 — Deliveries of BMW Vehicles by Model,https://www.bmwgroup.com/en/investor-relations/company-reports.html,2026-08-22,High
BMW_2_F45,2020,,BMW Group Annual Report 2020 — Deliveries of BMW Vehicles by Model,https://www.bmwgroup.com/en/investor-relations/company-reports.html,2026-08-22,High
BMW_2_F45,2021,,BMW Group Annual Report 2021 — Deliveries of BMW Vehicles by Model,https://www.bmwgroup.com/en/investor-relations/company-reports.html,2026-08-22,High
BMW_2_F44,2020,,BMW Group Annual Report 2020 — Deliveries of BMW Vehicles by Model,https://www.bmwgroup.com/en/investor-relations/company-reports.html,2026-08-22,High
BMW_2_F44,2021,,BMW Group Annual Report 2021 — Deliveries of BMW Vehicles by Model,https://www.bmwgroup.com/en/investor-relations/company-reports.html,2026-08-22,High
BMW_2_F44,2022,,BMW Group Annual Report 2022 — Deliveries of BMW Vehicles by Model,https://www.bmwgroup.com/en/investor-relations/company-reports.html,2026-08-22,High
BMW_2_F44,2023,,BMW Group Annual Report 2023 — Deliveries of BMW Vehicles by Model,https://www.bmwgroup.com/en/investor-relations/company-reports.html,2026-08-22,High
BMW_2_F44,2024,1,BMW Group Monthly Delivery Disclosures,https://www.press.bmwgroup.com,2026-08-22,High
BMW_2_F44,2024,2,BMW Group Monthly Delivery Disclosures,https://www.press.bmwgroup.com,2026-08-22,High
BMW_2_F44,2024,3,BMW Group Monthly Delivery Disclosures,https://www.press.bmwgroup.com,2026-08-22,High
BMW_2_G42,2021,,BMW Group Annual Report 2021 — Deliveries of BMW Vehicles by Model,https://www.bmwgroup.com/en/investor-relations/company-reports.html,2026-08-22,High
BMW_2_G42,2022,,BMW Group Annual Report 2022 — Deliveries of BMW Vehicles by Model,https://www.bmwgroup.com/en/investor-relations/company-reports.html,2026-08-22,High
BMW_2_G42,2023,,BMW Group Annual Report 2023 — Deliveries of BMW Vehicles by Model,https://www.bmwgroup.com/en/investor-relations/company-reports.html,2026-08-22,High
BMW_2_G42,2024,1,BMW Group Monthly Delivery Disclosures,https://www.press.bmwgroup.com,2026-08-22,High
BMW_2_G42,2024,2,BMW Group Monthly Delivery Disclosures,https://www.press.bmwgroup.com,2026-08-22,High
BMW_2_G42,2024,3,BMW Group Monthly Delivery Disclosures,https://www.press.bmwgroup.com,2026-08-22,High
BMW_2_U06,2021,,BMW Group Annual Report 2021 — Deliveries of BMW Vehicles by Model,https://www.bmwgroup.com/en/investor-relations/company-reports.html,2026-08-22,High
BMW_2_U06,2022,,BMW Group Annual Report 2022 — Deliveries of BMW Vehicles by Model,https://www.bmwgroup.com/en/investor-relations/company-reports.html,2026-08-22,High
BMW_2_U06,2023,,BMW Group Annual Report 2023 — Deliveries of BMW Vehicles by Model,https://www.bmwgroup.com/en/investor-relations/company-reports.html,2026-08-22,High
BMW_2_U06,2024,1,BMW Group Monthly Delivery Disclosures,https://www.press.bmwgroup.com,2026-08-22,High
BMW_2_U06,2024,2,BMW Group Monthly Delivery Disclosures,https://www.press.bmwgroup.com,2026-08-22,High
BMW_2_U06,2024,3,BMW Group Monthly Delivery Disclosures,https://www.press.bmwgroup.com,2026-08-22,High
BMW_4_F32,2013,,BMW Group Annual Report 2013 — Deliveries of BMW Vehicles by Model,https://www.bmwgroup.com/en/investor-relations/company-reports.html,2026-08-22,High
BMW_4_F32,2014,,BMW Group Annual Report 2014 — Deliveries of BMW Vehicles by Model,https://www.bmwgroup.com/en/investor-relations/company-reports.html,2026-08-22,High
BMW_4_F32,2015,,BMW Group Annual Report 2015 — Deliveries of BMW Vehicles by Model,https://www.bmwgroup.com/en/investor-relations/company-reports.html,2026-08-22,High
BMW_4_F32,2016,,BMW Group Annual Report 2016 — Deliveries of BMW Vehicles by Model,https://www.bmwgroup.com/en/investor-relations/company-reports.html,2026-08-22,High
BMW_4_F32,2017,,BMW Group Annual Report 2017 — Deliveries of BMW Vehicles by Model,https://www.bmwgroup.com/en/investor-relations/company-reports.html,2026-08-22,High
BMW_4_F32,2018,,BMW Group Annual Report 2018 — Deliveries of BMW Vehicles by Model,https://www.bmwgroup.com/en/investor-relations/company-reports.html,2026-08-22,High
BMW_4_F32,2019,,BMW Group Annual Report 2019 — Deliveries of BMW Vehicles by Model,https://www.bmwgroup.com/en/investor-relations/company-reports.html,2026-08-22,High
BMW_4_F32,2020,,BMW Group Annual Report 2020 — Deliveries of BMW Vehicles by Model,https://www.bmwgroup.com/en/investor-relations/company-reports.html,2026-08-22,High
BMW_4_G22,2020,,BMW Group Annual Report 2020 — Deliveries of BMW Vehicles by Model,https://www.bmwgroup.com/en/investor-relations/company-reports.html,2026-08-22,High
BMW_4_G22,2021,,BMW Group Annual Report 2021 — Deliveries of BMW Vehicles by Model,https://www.bmwgroup.com/en/investor-relations/company-reports.html,2026-08-22,High
BMW_4_G22,2022,,BMW Group Annual Report 2022 — Deliveries of BMW Vehicles by Model,https://www.bmwgroup.com/en/investor-relations/company-reports.html,2026-08-22,High
BMW_4_G22,2023,,BMW Group Annual Report 2023 — Deliveries of BMW Vehicles by Model,https://www.bmwgroup.com/en/investor-relations/company-reports.html,2026-08-22,High
BMW_4_G22,2024,1,BMW Group Monthly Delivery Disclosures,https://www.press.bmwgroup.com,2026-08-22,High
BMW_4_G22,2024,2,BMW Group Monthly Delivery Disclosures,https://www.press.bmwgroup.com,2026-08-22,High
BMW_4_G22,2024,3,BMW Group Monthly Delivery Disclosures,https://www.press.bmwgroup.com,2026-08-22,High
BMW_X1_E84,2009,,BMW Group Annual Report 2009 — Deliveries of BMW Vehicles by Model,https://www.bmwgroup.com/en/investor-relations/company-reports.html,2026-08-22,High
BMW_X1_E84,2010,,BMW Group Annual Report 2010 — Deliveries of BMW Vehicles by Model,https://www.bmwgroup.com/en/investor-relations/company-reports.html,2026-08-22,High
BMW_X1_E84,2011,,BMW Group Annual Report 2011 — Deliveries of BMW Vehicles by Model,https://www.bmwgroup.com/en/investor-relations/company-reports.html,2026-08-22,High
BMW_X1_E84,2012,,BMW Group Annual Report 2012 — Deliveries of BMW Vehicles by Model,https://www.bmwgroup.com/en/investor-relations/company-reports.html,2026-08-22,High
BMW_X1_E84,2013,,BMW Group Annual Report 2013 — Deliveries of BMW Vehicles by Model,https://www.bmwgroup.com/en/investor-relations/company-reports.html,2026-08-22,High
BMW_X1_E84,2014,,BMW Group Annual Report 2014 — Deliveries of BMW Vehicles by Model,https://www.bmwgroup.com/en/investor-relations/company-reports.html,2026-08-22,High
BMW_X1_E84,2015,,BMW Group Annual Report 2015 — Deliveries of BMW Vehicles by Model,https://www.bmwgroup.com/en/investor-relations/company-reports.html,2026-08-22,High
BMW_X1_F48,2015,,BMW Group Annual Report 2015 — Deliveries of BMW Vehicles by Model,https://www.bmwgroup.com/en/investor-relations/company-reports.html,2026-08-22,High
BMW_X1_F48,2016,,BMW Group Annual Report 2016 — Deliveries of BMW Vehicles by Model,https://www.bmwgroup.com/en/investor-relations/company-reports.html,2026-08-22,High
BMW_X1_F48,2017,,BMW Group Annual Report 2017 — Deliveries of BMW Vehicles by Model,https://www.bmwgroup.com/en/investor-relations/company-reports.html,2026-08-22,High
BMW_X1_F48,2018,,BMW Group Annual Report 2018 — Deliveries of BMW Vehicles by Model,https://www.bmwgroup.com/en/investor-relations/company-reports.html,2026-08-22,High
BMW_X1_F48,2019,,BMW Group Annual Report 2019 — Deliveries of BMW Vehicles by Model,https://www.bmwgroup.com/en/investor-relations/company-reports.html,2026-08-22,High
BMW_X1_F48,2020,,BMW Group Annual Report 2020 — Deliveries of BMW Vehicles by Model,https://www.bmwgroup.com/en/investor-relations/company-reports.html,2026-08-22,High
BMW_X1_F48,2021,,BMW Group Annual Report 2021 — Deliveries of BMW Vehicles by Model,https://www.bmwgroup.com/en/investor-relations/company-reports.html,2026-08-22,High
BMW_X1_F48,2022,,BMW Group Annual Report 2022 — Deliveries of BMW Vehicles by Model,https://www.bmwgroup.com/en/investor-relations/company-reports.html,2026-08-22,High
BMW_X1_U11,2022,,BMW Group Annual Report 2022 — Deliveries of BMW Vehicles by Model,https://www.bmwgroup.com/en/investor-relations/company-reports.html,2026-08-22,High
BMW_X1_U11,2023,,BMW Group Annual Report 2023 — Deliveries of BMW Vehicles by Model,https://www.bmwgroup.com/en/investor-relations/company-reports.html,2026-08-22,High
BMW_X1_U11,2024,1,BMW Group Monthly Delivery Disclosures,https://www.press.bmwgroup.com,2026-08-22,High
BMW_X1_U11,2024,2,BMW Group Monthly Delivery Disclosures,https://www.press.bmwgroup.com,2026-08-22,High
BMW_X1_U11,2024,3,BMW Group Monthly Delivery Disclosures,https://www.press.bmwgroup.com,2026-08-22,High
BMW_X2_F39,2017,,BMW Group Annual Report 2017 — Deliveries of BMW Vehicles by Model,https://www.bmwgroup.com/en/investor-relations/company-reports.html,2026-08-22,High
BMW_X2_F39,2018,,BMW Group Annual Report 2018 — Deliveries of BMW Vehicles by Model,https://www.bmwgroup.com/en/investor-relations/company-reports.html,2026-08-22,High
BMW_X2_F39,2019,,BMW Group Annual Report 2019 — Deliveries of BMW Vehicles by Model,https://www.bmwgroup.com/en/investor-relations/company-reports.html,2026-08-22,High
BMW_X2_F39,2020,,BMW Group Annual Report 2020 — Deliveries of BMW Vehicles by Model,https://www.bmwgroup.com/en/investor-relations/company-reports.html,2026-08-22,High
BMW_X2_F39,2021,,BMW Group Annual Report 2021 — Deliveries of BMW Vehicles by Model,https://www.bmwgroup.com/en/investor-relations/company-reports.html,2026-08-22,High
BMW_X2_F39,2022,,BMW Group Annual Report 2022 — Deliveries of BMW Vehicles by Model,https://www.bmwgroup.com/en/investor-relations/company-reports.html,2026-08-22,High
BMW_X2_F39,2023,,BMW Group Annual Report 2023 — Deliveries of BMW Vehicles by Model,https://www.bmwgroup.com/en/investor-relations/company-reports.html,2026-08-22,High
BMW_X2_U10,2023,,BMW Group Annual Report 2023 — Deliveries of BMW Vehicles by Model,https://www.bmwgroup.com/en/investor-relations/company-reports.html,2026-08-22,High
BMW_X2_U10,2024,1,BMW Group Monthly Delivery Disclosures,https://www.press.bmwgroup.com,2026-08-22,High
BMW_X2_U10,2024,2,BMW Group Monthly Delivery Disclosures,https://www.press.bmwgroup.com,2026-08-22,High
BMW_X2_U10,2024,3,BMW Group Monthly Delivery Disclosures,https://www.press.bmwgroup.com,2026-08-22,High
BMW_X3_E83,2003,,BMW Group Annual Report 2003 — Deliveries of BMW Vehicles by Model,https://www.bmwgroup.com/en/investor-relations/company-reports.html,2026-08-22,High
BMW_X3_E83,2004,,BMW Group Annual Report 2004 — Deliveries of BMW Vehicles by Model,https://www.bmwgroup.com/en/investor-relations/company-reports.html,2026-08-22,High
BMW_X3_E83,2005,,BMW Group Annual Report 2005 — Deliveries of BMW Vehicles by Model,https://www.bmwgroup.com/en/investor-relations/company-reports.html,2026-08-22,High
BMW_X3_E83,2006,,BMW Group Annual Report 2006 — Deliveries of BMW Vehicles by Model,https://www.bmwgroup.com/en/investor-relations/company-reports.html,2026-08-22,High
BMW_X3_E83,2007,,BMW Group Annual Report 2007 — Deliveries of BMW Vehicles by Model,https://www.bmwgroup.com/en/investor-relations/company-reports.html,2026-08-22,High
BMW_X3_E83,2008,,BMW Group Annual Report 2008 — Deliveries of BMW Vehicles by Model,https://www.bmwgroup.com/en/investor-relations/company-reports.html,2026-08-22,High
BMW_X3_E83,2009,,BMW Group Annual Report 2009 — Deliveries of BMW Vehicles by Model,https://www.bmwgroup.com/en/investor-relations/company-reports.html,2026-08-22,High
BMW_X3_E83,2010,,BMW Group Annual Report 2010 — Deliveries of BMW Vehicles by Model,https://www.bmwgroup.com/en/investor-relations/company-reports.html,2026-08-22,High
BMW_X3_F25,2010,,BMW Group Annual Report 2010 — Deliveries of BMW Vehicles by Model,https://www.bmwgroup.com/en/investor-relations/company-reports.html,2026-08-22,High
BMW_X3_F25,2011,,BMW Group Annual Report 2011 — Deliveries of BMW Vehicles by Model,https://www.bmwgroup.com/en/investor-relations/company-reports.html,2026-08-22,High
BMW_X3_F25,2012,,BMW Group Annual Report 2012 — Deliveries of BMW Vehicles by Model,https://www.bmwgroup.com/en/investor-relations/company-reports.html,2026-08-22,High
BMW_X3_F25,2013,,BMW Group Annual Report 2013 — Deliveries of BMW Vehicles by Model,https://www.bmwgroup.com/en/investor-relations/company-reports.html,2026-08-22,High
BMW_X3_F25,2014,,BMW Group Annual Report 2014 — Deliveries of BMW Vehicles by Model,https://www.bmwgroup.com/en/investor-relations/company-reports.html,2026-08-22,High
BMW_X3_F25,2015,,BMW Group Annual Report 2015 — Deliveries of BMW Vehicles by Model,https://www.bmwgroup.com/en/investor-relations/company-reports.html,2026-08-22,High
BMW_X3_F25,2016,,BMW Group Annual Report 2016 — Deliveries of BMW Vehicles by Model,https://www.bmwgroup.com/en/investor-relations/company-reports.html,2026-08-22,High
BMW_X3_F25,2017,,BMW Group Annual Report 2017 — Deliveries of BMW Vehicles by Model,https://www.bmwgroup.com/en/investor-relations/company-reports.html,2026-08-22,High
BMW_X3_G01,2017,,BMW Group Annual Report 2017 — Deliveries of BMW Vehicles by Model,https://www.bmwgroup.com/en/investor-relations/company-reports.html,2026-08-22,High
BMW_X3_G01,2018,,BMW Group Annual Report 2018 — Deliveries of BMW Vehicles by Model,https://www.bmwgroup.com/en/investor-relations/company-reports.html,2026-08-22,High
BMW_X3_G01,2019,,BMW Group Annual Report 2019 — Deliveries of BMW Vehicles by Model,https://www.bmwgroup.com/en/investor-relations/company-reports.html,2026-08-22,High
BMW_X3_G01,2020,,BMW Group Annual Report 2020 — Deliveries of BMW Vehicles by Model,https://www.bmwgroup.com/en/investor-relations/company-reports.html,2026-08-22,High
BMW_X3_G01,2021,,BMW Group Annual Report 2021 — Deliveries of BMW Vehicles by Model,https://www.bmwgroup.com/en/investor-relations/company-reports.html,2026-08-22,High
BMW_X3_G01,2022,,BMW Group Annual Report 2022 — Deliveries of BMW Vehicles by Model,https://www.bmwgroup.com/en/investor-relations/company-reports.html,2026-08-22,High
BMW_X3_G01,2023,,BMW Group Annual Report 2023 — Deliveries of BMW Vehicles by Model,https://www.bmwgroup.com/en/investor-relations/company-reports.html,2026-08-22,High
BMW_X3_G01,2024,,BMW Group Annual Report 2024 — Deliveries of BMW Vehicles by Model,https://www.bmwgroup.com/en/investor-relations/company-reports.html,2026-08-22,High
BMW_X3_G45,2024,6,BMW Group Monthly Delivery Disclosures,https://www.press.bmwgroup.com,2026-08-22,High
BMW_X4_F26,2014,,BMW Group Annual Report 2014 — Deliveries of BMW Vehicles by Model,https://www.bmwgroup.com/en/investor-relations/company-reports.html,2026-08-22,High
BMW_X4_F26,2015,,BMW Group Annual Report 2015 — Deliveries of BMW Vehicles by Model,https://www.bmwgroup.com/en/investor-relations/company-reports.html,2026-08-22,High
BMW_X4_F26,2016,,BMW Group Annual Report 2016 — Deliveries of BMW Vehicles by Model,https://www.bmwgroup.com/en/investor-relations/company-reports.html,2026-08-22,High
BMW_X4_F26,2017,,BMW Group Annual Report 2017 — Deliveries of BMW Vehicles by Model,https://www.bmwgroup.com/en/investor-relations/company-reports.html,2026-08-22,High
BMW_X4_F26,2018,,BMW Group Annual Report 2018 — Deliveries of BMW Vehicles by Model,https://www.bmwgroup.com/en/investor-relations/company-reports.html,2026-08-22,High
BMW_X4_G02,2018,,BMW Group Annual Report 2018 — Deliveries of BMW Vehicles by Model,https://www.bmwgroup.com/en/investor-relations/company-reports.html,2026-08-22,High
BMW_X4_G02,2019,,BMW Group Annual Report 2019 — Deliveries of BMW Vehicles by Model,https://www.bmwgroup.com/en/investor-relations/company-reports.html,2026-08-22,High
BMW_X4_G02,2020,,BMW Group Annual Report 2020 — Deliveries of BMW Vehicles by Model,https://www.bmwgroup.com/en/investor-relations/company-reports.html,2026-08-22,High
BMW_X4_G02,2021,,BMW Group Annual Report 2021 — Deliveries of BMW Vehicles by Model,https://www.bmwgroup.com/en/investor-relations/company-reports.html,2026-08-22,High
BMW_X4_G02,2022,,BMW Group Annual Report 2022 — Deliveries of BMW Vehicles by Model,https://www.bmwgroup.com/en/investor-relations/company-reports.html,2026-08-22,High
BMW_X4_G02,2023,,BMW Group Annual Report 2023 — Deliveries of BMW Vehicles by Model,https://www.bmwgroup.com/en/investor-relations/company-reports.html,2026-08-22,High
BMW_X4_G02,2024,1,BMW Group Monthly Delivery Disclosures,https://www.press.bmwgroup.com,2026-08-22,High
BMW_X4_G02,2024,2,BMW Group Monthly Delivery Disclosures,https://www.press.bmwgroup.com,2026-08-22,High
BMW_X4_G02,2024,3,BMW Group Monthly Delivery Disclosures,https://www.press.bmwgroup.com,2026-08-22,High
BMW_X5_E53,1999,,BMW Group Classic Production Archive & Cumulative Series Statistics,https://www.bmwgroup-classic.com/en/history/historic-modeloverview-bmw.html,2026-08-22,High
BMW_X5_E53,2000,,BMW Group Annual Report 2000 — Deliveries of BMW Vehicles by Model,https://www.bmwgroup.com/en/investor-relations/company-reports.html,2026-08-22,High
BMW_X5_E53,2001,,BMW Group Annual Report 2001 — Deliveries of BMW Vehicles by Model,https://www.bmwgroup.com/en/investor-relations/company-reports.html,2026-08-22,High
BMW_X5_E53,2002,,BMW Group Annual Report 2002 — Deliveries of BMW Vehicles by Model,https://www.bmwgroup.com/en/investor-relations/company-reports.html,2026-08-22,High
BMW_X5_E53,2003,,BMW Group Annual Report 2003 — Deliveries of BMW Vehicles by Model,https://www.bmwgroup.com/en/investor-relations/company-reports.html,2026-08-22,High
BMW_X5_E53,2004,,BMW Group Annual Report 2004 — Deliveries of BMW Vehicles by Model,https://www.bmwgroup.com/en/investor-relations/company-reports.html,2026-08-22,High
BMW_X5_E53,2005,,BMW Group Annual Report 2005 — Deliveries of BMW Vehicles by Model,https://www.bmwgroup.com/en/investor-relations/company-reports.html,2026-08-22,High
BMW_X5_E53,2006,,BMW Group Annual Report 2006 — Deliveries of BMW Vehicles by Model,https://www.bmwgroup.com/en/investor-relations/company-reports.html,2026-08-22,High
BMW_X5_E70,2006,,BMW Group Annual Report 2006 — Deliveries of BMW Vehicles by Model,https://www.bmwgroup.com/en/investor-relations/company-reports.html,2026-08-22,High
BMW_X5_E70,2007,,BMW Group Annual Report 2007 — Deliveries of BMW Vehicles by Model,https://www.bmwgroup.com/en/investor-relations/company-reports.html,2026-08-22,High
BMW_X5_E70,2008,,BMW Group Annual Report 2008 — Deliveries of BMW Vehicles by Model,https://www.bmwgroup.com/en/investor-relations/company-reports.html,2026-08-22,High
BMW_X5_E70,2009,,BMW Group Annual Report 2009 — Deliveries of BMW Vehicles by Model,https://www.bmwgroup.com/en/investor-relations/company-reports.html,2026-08-22,High
BMW_X5_E70,2010,,BMW Group Annual Report 2010 — Deliveries of BMW Vehicles by Model,https://www.bmwgroup.com/en/investor-relations/company-reports.html,2026-08-22,High
BMW_X5_E70,2011,,BMW Group Annual Report 2011 — Deliveries of BMW Vehicles by Model,https://www.bmwgroup.com/en/investor-relations/company-reports.html,2026-08-22,High
BMW_X5_E70,2012,,BMW Group Annual Report 2012 — Deliveries of BMW Vehicles by Model,https://www.bmwgroup.com/en/investor-relations/company-reports.html,2026-08-22,High
BMW_X5_E70,2013,,BMW Group Annual Report 2013 — Deliveries of BMW Vehicles by Model,https://www.bmwgroup.com/en/investor-relations/company-reports.html,2026-08-22,High
BMW_X5_F15,2013,,BMW Group Annual Report 2013 — Deliveries of BMW Vehicles by Model,https://www.bmwgroup.com/en/investor-relations/company-reports.html,2026-08-22,High
BMW_X5_F15,2014,,BMW Group Annual Report 2014 — Deliveries of BMW Vehicles by Model,https://www.bmwgroup.com/en/investor-relations/company-reports.html,2026-08-22,High
BMW_X5_F15,2015,,BMW Group Annual Report 2015 — Deliveries of BMW Vehicles by Model,https://www.bmwgroup.com/en/investor-relations/company-reports.html,2026-08-22,High
BMW_X5_F15,2016,,BMW Group Annual Report 2016 — Deliveries of BMW Vehicles by Model,https://www.bmwgroup.com/en/investor-relations/company-reports.html,2026-08-22,High
BMW_X5_F15,2017,,BMW Group Annual Report 2017 — Deliveries of BMW Vehicles by Model,https://www.bmwgroup.com/en/investor-relations/company-reports.html,2026-08-22,High
BMW_X5_F15,2018,,BMW Group Annual Report 2018 — Deliveries of BMW Vehicles by Model,https://www.bmwgroup.com/en/investor-relations/company-reports.html,2026-08-22,High
BMW_X5_G05,2018,,BMW Group Annual Report 2018 — Deliveries of BMW Vehicles by Model,https://www.bmwgroup.com/en/investor-relations/company-reports.html,2026-08-22,High
BMW_X5_G05,2019,,BMW Group Annual Report 2019 — Deliveries of BMW Vehicles by Model,https://www.bmwgroup.com/en/investor-relations/company-reports.html,2026-08-22,High
BMW_X5_G05,2020,,BMW Group Annual Report 2020 — Deliveries of BMW Vehicles by Model,https://www.bmwgroup.com/en/investor-relations/company-reports.html,2026-08-22,High
BMW_X5_G05,2021,,BMW Group Annual Report 2021 — Deliveries of BMW Vehicles by Model,https://www.bmwgroup.com/en/investor-relations/company-reports.html,2026-08-22,High
BMW_X5_G05,2022,,BMW Group Annual Report 2022 — Deliveries of BMW Vehicles by Model,https://www.bmwgroup.com/en/investor-relations/company-reports.html,2026-08-22,High
BMW_X5_G05,2023,,BMW Group Annual Report 2023 — Deliveries of BMW Vehicles by Model,https://www.bmwgroup.com/en/investor-relations/company-reports.html,2026-08-22,High
BMW_X5_G05,2024,1,BMW Group Monthly Delivery Disclosures,https://www.press.bmwgroup.com,2026-08-22,High
BMW_X5_G05,2024,2,BMW Group Monthly Delivery Disclosures,https://www.press.bmwgroup.com,2026-08-22,High
BMW_X5_G05,2024,3,BMW Group Monthly Delivery Disclosures,https://www.press.bmwgroup.com,2026-08-22,High
BMW_X6_E71,2008,,BMW Group Annual Report 2008 — Deliveries of BMW Vehicles by Model,https://www.bmwgroup.com/en/investor-relations/company-reports.html,2026-08-22,High
BMW_X6_E71,2009,,BMW Group Annual Report 2009 — Deliveries of BMW Vehicles by Model,https://www.bmwgroup.com/en/investor-relations/company-reports.html,2026-08-22,High
BMW_X6_E71,2010,,BMW Group Annual Report 2010 — Deliveries of BMW Vehicles by Model,https://www.bmwgroup.com/en/investor-relations/company-reports.html,2026-08-22,High
BMW_X6_E71,2011,,BMW Group Annual Report 2011 — Deliveries of BMW Vehicles by Model,https://www.bmwgroup.com/en/investor-relations/company-reports.html,2026-08-22,High
BMW_X6_E71,2012,,BMW Group Annual Report 2012 — Deliveries of BMW Vehicles by Model,https://www.bmwgroup.com/en/investor-relations/company-reports.html,2026-08-22,High
BMW_X6_E71,2013,,BMW Group Annual Report 2013 — Deliveries of BMW Vehicles by Model,https://www.bmwgroup.com/en/investor-relations/company-reports.html,2026-08-22,High
BMW_X6_E71,2014,,BMW Group Annual Report 2014 — Deliveries of BMW Vehicles by Model,https://www.bmwgroup.com/en/investor-relations/company-reports.html,2026-08-22,High
BMW_X6_F16,2014,,BMW Group Annual Report 2014 — Deliveries of BMW Vehicles by Model,https://www.bmwgroup.com/en/investor-relations/company-reports.html,2026-08-22,High
BMW_X6_F16,2015,,BMW Group Annual Report 2015 — Deliveries of BMW Vehicles by Model,https://www.bmwgroup.com/en/investor-relations/company-reports.html,2026-08-22,High
BMW_X6_F16,2016,,BMW Group Annual Report 2016 — Deliveries of BMW Vehicles by Model,https://www.bmwgroup.com/en/investor-relations/company-reports.html,2026-08-22,High
BMW_X6_F16,2017,,BMW Group Annual Report 2017 — Deliveries of BMW Vehicles by Model,https://www.bmwgroup.com/en/investor-relations/company-reports.html,2026-08-22,High
BMW_X6_F16,2018,,BMW Group Annual Report 2018 — Deliveries of BMW Vehicles by Model,https://www.bmwgroup.com/en/investor-relations/company-reports.html,2026-08-22,High
BMW_X6_F16,2019,,BMW Group Annual Report 2019 — Deliveries of BMW Vehicles by Model,https://www.bmwgroup.com/en/investor-relations/company-reports.html,2026-08-22,High
BMW_X6_G06,2019,,BMW Group Annual Report 2019 — Deliveries of BMW Vehicles by Model,https://www.bmwgroup.com/en/investor-relations/company-reports.html,2026-08-22,High
BMW_X6_G06,2020,,BMW Group Annual Report 2020 — Deliveries of BMW Vehicles by Model,https://www.bmwgroup.com/en/investor-relations/company-reports.html,2026-08-22,High
BMW_X6_G06,2021,,BMW Group Annual Report 2021 — Deliveries of BMW Vehicles by Model,https://www.bmwgroup.com/en/investor-relations/company-reports.html,2026-08-22,High
BMW_X6_G06,2022,,BMW Group Annual Report 2022 — Deliveries of BMW Vehicles by Model,https://www.bmwgroup.com/en/investor-relations/company-reports.html,2026-08-22,High
BMW_X6_G06,2023,,BMW Group Annual Report 2023 — Deliveries of BMW Vehicles by Model,https://www.bmwgroup.com/en/investor-relations/company-reports.html,2026-08-22,High
BMW_X6_G06,2024,1,BMW Group Monthly Delivery Disclosures,https://www.press.bmwgroup.com,2026-08-22,High
BMW_X6_G06,2024,2,BMW Group Monthly Delivery Disclosures,https://www.press.bmwgroup.com,2026-08-22,High
BMW_X6_G06,2024,3,BMW Group Monthly Delivery Disclosures,https://www.press.bmwgroup.com,2026-08-22,High
BMW_X7_G07,2018,,BMW Group Annual Report 2018 — Deliveries of BMW Vehicles by Model,https://www.bmwgroup.com/en/investor-relations/company-reports.html,2026-08-22,High
BMW_X7_G07,2019,,BMW Group Annual Report 2019 — Deliveries of BMW Vehicles by Model,https://www.bmwgroup.com/en/investor-relations/company-reports.html,2026-08-22,High
BMW_X7_G07,2020,,BMW Group Annual Report 2020 — Deliveries of BMW Vehicles by Model,https://www.bmwgroup.com/en/investor-relations/company-reports.html,2026-08-22,High
BMW_X7_G07,2021,,BMW Group Annual Report 2021 — Deliveries of BMW Vehicles by Model,https://www.bmwgroup.com/en/investor-relations/company-reports.html,2026-08-22,High
BMW_X7_G07,2022,,BMW Group Annual Report 2022 — Deliveries of BMW Vehicles by Model,https://www.bmwgroup.com/en/investor-relations/company-reports.html,2026-08-22,High
BMW_X7_G07,2023,,BMW Group Annual Report 2023 — Deliveries of BMW Vehicles by Model,https://www.bmwgroup.com/en/investor-relations/company-reports.html,2026-08-22,High
BMW_X7_G07,2024,1,BMW Group Monthly Delivery Disclosures,https://www.press.bmwgroup.com,2026-08-22,High
BMW_X7_G07,2024,2,BMW Group Monthly Delivery Disclosures,https://www.press.bmwgroup.com,2026-08-22,High
BMW_X7_G07,2024,3,BMW Group Monthly Delivery Disclosures,https://www.press.bmwgroup.com,2026-08-22,High
BMW_XM_G09,2022,,BMW Group Annual Report 2022 — Deliveries of BMW Vehicles by Model,https://www.bmwgroup.com/en/investor-relations/company-reports.html,2026-08-22,High
BMW_XM_G09,2023,,BMW Group Annual Report 2023 — Deliveries of BMW Vehicles by Model,https://www.bmwgroup.com/en/investor-relations/company-reports.html,2026-08-22,High
BMW_XM_G09,2024,1,BMW Group Monthly Delivery Disclosures,https://www.press.bmwgroup.com,2026-08-22,High
BMW_XM_G09,2024,2,BMW Group Monthly Delivery Disclosures,https://www.press.bmwgroup.com,2026-08-22,High
BMW_XM_G09,2024,3,BMW Group Monthly Delivery Disclosures,https://www.press.bmwgroup.com,2026-08-22,High
BMW_Z1_E30Z,1989,,BMW Group Classic Production Archive & Cumulative Series Statistics,https://www.bmwgroup-classic.com/en/history/historic-modeloverview-bmw.html,2026-08-22,High
BMW_Z1_E30Z,1990,,BMW Group Classic Production Archive & Cumulative Series Statistics,https://www.bmwgroup-classic.com/en/history/historic-modeloverview-bmw.html,2026-08-22,High
BMW_Z1_E30Z,1991,,BMW Group Classic Production Archive & Cumulative Series Statistics,https://www.bmwgroup-classic.com/en/history/historic-modeloverview-bmw.html,2026-08-22,High
BMW_Z3_E36,1995,,BMW Group Classic Production Archive & Cumulative Series Statistics,https://www.bmwgroup-classic.com/en/history/historic-modeloverview-bmw.html,2026-08-22,High
BMW_Z3_E36,1996,,BMW Group Classic Production Archive & Cumulative Series Statistics,https://www.bmwgroup-classic.com/en/history/historic-modeloverview-bmw.html,2026-08-22,High
BMW_Z3_E36,1997,,BMW Group Classic Production Archive & Cumulative Series Statistics,https://www.bmwgroup-classic.com/en/history/historic-modeloverview-bmw.html,2026-08-22,High
BMW_Z3_E36,1998,,BMW Group Classic Production Archive & Cumulative Series Statistics,https://www.bmwgroup-classic.com/en/history/historic-modeloverview-bmw.html,2026-08-22,High
BMW_Z3_E36,1999,,BMW Group Classic Production Archive & Cumulative Series Statistics,https://www.bmwgroup-classic.com/en/history/historic-modeloverview-bmw.html,2026-08-22,High
BMW_Z3_E36,2000,,BMW Group Annual Report 2000 — Deliveries of BMW Vehicles by Model,https://www.bmwgroup.com/en/investor-relations/company-reports.html,2026-08-22,High
BMW_Z3_E36,2001,,BMW Group Annual Report 2001 — Deliveries of BMW Vehicles by Model,https://www.bmwgroup.com/en/investor-relations/company-reports.html,2026-08-22,High
BMW_Z3_E36,2002,,BMW Group Annual Report 2002 — Deliveries of BMW Vehicles by Model,https://www.bmwgroup.com/en/investor-relations/company-reports.html,2026-08-22,High
BMW_Z4_E85,2002,,BMW Group Annual Report 2002 — Deliveries of BMW Vehicles by Model,https://www.bmwgroup.com/en/investor-relations/company-reports.html,2026-08-22,High
BMW_Z4_E85,2003,,BMW Group Annual Report 2003 — Deliveries of BMW Vehicles by Model,https://www.bmwgroup.com/en/investor-relations/company-reports.html,2026-08-22,High
BMW_Z4_E85,2004,,BMW Group Annual Report 2004 — Deliveries of BMW Vehicles by Model,https://www.bmwgroup.com/en/investor-relations/company-reports.html,2026-08-22,High
BMW_Z4_E85,2005,,BMW Group Annual Report 2005 — Deliveries of BMW Vehicles by Model,https://www.bmwgroup.com/en/investor-relations/company-reports.html,2026-08-22,High
BMW_Z4_E85,2006,,BMW Group Annual Report 2006 — Deliveries of BMW Vehicles by Model,https://www.bmwgroup.com/en/investor-relations/company-reports.html,2026-08-22,High
BMW_Z4_E85,2007,,BMW Group Annual Report 2007 — Deliveries of BMW Vehicles by Model,https://www.bmwgroup.com/en/investor-relations/company-reports.html,2026-08-22,High
BMW_Z4_E85,2008,,BMW Group Annual Report 2008 — Deliveries of BMW Vehicles by Model,https://www.bmwgroup.com/en/investor-relations/company-reports.html,2026-08-22,High
BMW_Z4_E89,2009,,BMW Group Annual Report 2009 — Deliveries of BMW Vehicles by Model,https://www.bmwgroup.com/en/investor-relations/company-reports.html,2026-08-22,High
BMW_Z4_E89,2010,,BMW Group Annual Report 2010 — Deliveries of BMW Vehicles by Model,https://www.bmwgroup.com/en/investor-relations/company-reports.html,2026-08-22,High
BMW_Z4_E89,2011,,BMW Group Annual Report 2011 — Deliveries of BMW Vehicles by Model,https://www.bmwgroup.com/en/investor-relations/company-reports.html,2026-08-22,High
BMW_Z4_E89,2012,,BMW Group Annual Report 2012 — Deliveries of BMW Vehicles by Model,https://www.bmwgroup.com/en/investor-relations/company-reports.html,2026-08-22,High
BMW_Z4_E89,2013,,BMW Group Annual Report 2013 — Deliveries of BMW Vehicles by Model,https://www.bmwgroup.com/en/investor-relations/company-reports.html,2026-08-22,High
BMW_Z4_E89,2014,,BMW Group Annual Report 2014 — Deliveries of BMW Vehicles by Model,https://www.bmwgroup.com/en/investor-relations/company-reports.html,2026-08-22,High
BMW_Z4_E89,2015,,BMW Group Annual Report 2015 — Deliveries of BMW Vehicles by Model,https://www.bmwgroup.com/en/investor-relations/company-reports.html,2026-08-22,High
BMW_Z4_E89,2016,,BMW Group Annual Report 2016 — Deliveries of BMW Vehicles by Model,https://www.bmwgroup.com/en/investor-relations/company-reports.html,2026-08-22,High
BMW_Z4_G29,2018,,BMW Group Annual Report 2018 — Deliveries of BMW Vehicles by Model,https://www.bmwgroup.com/en/investor-relations/company-reports.html,2026-08-22,High
BMW_Z4_G29,2019,,BMW Group Annual Report 2019 — Deliveries of BMW Vehicles by Model,https://www.bmwgroup.com/en/investor-relations/company-reports.html,2026-08-22,High
BMW_Z4_G29,2020,,BMW Group Annual Report 2020 — Deliveries of BMW Vehicles by Model,https://www.bmwgroup.com/en/investor-relations/company-reports.html,2026-08-22,High
BMW_Z4_G29,2021,,BMW Group Annual Report 2021 — Deliveries of BMW Vehicles by Model,https://www.bmwgroup.com/en/investor-relations/company-reports.html,2026-08-22,High
BMW_Z4_G29,2022,,BMW Group Annual Report 2022 — Deliveries of BMW Vehicles by Model,https://www.bmwgroup.com/en/investor-relations/company-reports.html,2026-08-22,High
BMW_Z4_G29,2023,,BMW Group Annual Report 2023 — Deliveries of BMW Vehicles by Model,https://www.bmwgroup.com/en/investor-relations/company-reports.html,2026-08-22,High
BMW_Z4_G29,2024,1,BMW Group Monthly Delivery Disclosures,https://www.press.bmwgroup.com,2026-08-22,High
BMW_Z4_G29,2024,2,BMW Group Monthly Delivery Disclosures,https://www.press.bmwgroup.com,2026-08-22,High
BMW_Z4_G29,2024,3,BMW Group Monthly Delivery Disclosures,https://www.press.bmwgroup.com,2026-08-22,High
BMW_Z8_E52,2000,,BMW Group Annual Report 2000 — Deliveries of BMW Vehicles by Model,https://www.bmwgroup.com/en/investor-relations/company-reports.html,2026-08-22,High
BMW_Z8_E52,2001,,BMW Group Annual Report 2001 — Deliveries of BMW Vehicles by Model,https://www.bmwgroup.com/en/investor-relations/company-reports.html,2026-08-22,High
BMW_Z8_E52,2002,,BMW Group Annual Report 2002 — Deliveries of BMW Vehicles by Model,https://www.bmwgroup.com/en/investor-relations/company-reports.html,2026-08-22,High
BMW_Z8_E52,2003,,BMW Group Annual Report 2003 — Deliveries of BMW Vehicles by Model,https://www.bmwgroup.com/en/investor-relations/company-reports.html,2026-08-22,High
BMW_I3_I01,2013,,BMW Group Annual Report 2013 — Deliveries of BMW Vehicles by Model,https://www.bmwgroup.com/en/investor-relations/company-reports.html,2026-08-22,High
BMW_I3_I01,2014,,BMW Group Annual Report 2014 — Deliveries of BMW Vehicles by Model,https://www.bmwgroup.com/en/investor-relations/company-reports.html,2026-08-22,High
BMW_I3_I01,2015,,BMW Group Annual Report 2015 — Deliveries of BMW Vehicles by Model,https://www.bmwgroup.com/en/investor-relations/company-reports.html,2026-08-22,High
BMW_I3_I01,2016,,BMW Group Annual Report 2016 — Deliveries of BMW Vehicles by Model,https://www.bmwgroup.com/en/investor-relations/company-reports.html,2026-08-22,High
BMW_I3_I01,2017,,BMW Group Annual Report 2017 — Deliveries of BMW Vehicles by Model,https://www.bmwgroup.com/en/investor-relations/company-reports.html,2026-08-22,High
BMW_I3_I01,2018,,BMW Group Annual Report 2018 — Deliveries of BMW Vehicles by Model,https://www.bmwgroup.com/en/investor-relations/company-reports.html,2026-08-22,High
BMW_I3_I01,2019,,BMW Group Annual Report 2019 — Deliveries of BMW Vehicles by Model,https://www.bmwgroup.com/en/investor-relations/company-reports.html,2026-08-22,High
BMW_I3_I01,2020,,BMW Group Annual Report 2020 — Deliveries of BMW Vehicles by Model,https://www.bmwgroup.com/en/investor-relations/company-reports.html,2026-08-22,High
BMW_I3_I01,2021,,BMW Group Annual Report 2021 — Deliveries of BMW Vehicles by Model,https://www.bmwgroup.com/en/investor-relations/company-reports.html,2026-08-22,High
BMW_I3_I01,2022,,BMW Group Annual Report 2022 — Deliveries of BMW Vehicles by Model,https://www.bmwgroup.com/en/investor-relations/company-reports.html,2026-08-22,High
BMW_I8_I12,2014,,BMW Group Annual Report 2014 — Deliveries of BMW Vehicles by Model,https://www.bmwgroup.com/en/investor-relations/company-reports.html,2026-08-22,High
BMW_I8_I12,2015,,BMW Group Annual Report 2015 — Deliveries of BMW Vehicles by Model,https://www.bmwgroup.com/en/investor-relations/company-reports.html,2026-08-22,High
BMW_I8_I12,2016,,BMW Group Annual Report 2016 — Deliveries of BMW Vehicles by Model,https://www.bmwgroup.com/en/investor-relations/company-reports.html,2026-08-22,High
BMW_I8_I12,2017,,BMW Group Annual Report 2017 — Deliveries of BMW Vehicles by Model,https://www.bmwgroup.com/en/investor-relations/company-reports.html,2026-08-22,High
BMW_I8_I12,2018,,BMW Group Annual Report 2018 — Deliveries of BMW Vehicles by Model,https://www.bmwgroup.com/en/investor-relations/company-reports.html,2026-08-22,High
BMW_I8_I12,2019,,BMW Group Annual Report 2019 — Deliveries of BMW Vehicles by Model,https://www.bmwgroup.com/en/investor-relations/company-reports.html,2026-08-22,High
BMW_I8_I12,2020,,BMW Group Annual Report 2020 — Deliveries of BMW Vehicles by Model,https://www.bmwgroup.com/en/investor-relations/company-reports.html,2026-08-22,High
BMW_IX_I20,2021,,BMW Group Annual Report 2021 — Deliveries of BMW Vehicles by Model,https://www.bmwgroup.com/en/investor-relations/company-reports.html,2026-08-22,High
BMW_IX_I20,2022,,BMW Group Annual Report 2022 — Deliveries of BMW Vehicles by Model,https://www.bmwgroup.com/en/investor-relations/company-reports.html,2026-08-22,High
BMW_IX_I20,2023,,BMW Group Annual Report 2023 — Deliveries of BMW Vehicles by Model,https://www.bmwgroup.com/en/investor-relations/company-reports.html,2026-08-22,High
BMW_IX_I20,2024,1,BMW Group Monthly Delivery Disclosures,https://www.press.bmwgroup.com,2026-08-22,High
BMW_IX_I20,2024,2,BMW Group Monthly Delivery Disclosures,https://www.press.bmwgroup.com,2026-08-22,High
BMW_IX_I20,2024,3,BMW Group Monthly Delivery Disclosures,https://www.press.bmwgroup.com,2026-08-22,High
BMW_I4_G26,2021,,BMW Group Annual Report 2021 — Deliveries of BMW Vehicles by Model,https://www.bmwgroup.com/en/investor-relations/company-reports.html,2026-08-22,High
BMW_I4_G26,2022,,BMW Group Annual Report 2022 — Deliveries of BMW Vehicles by Model,https://www.bmwgroup.com/en/investor-relations/company-reports.html,2026-08-22,High
BMW_I4_G26,2023,,BMW Group Annual Report 2023 — Deliveries of BMW Vehicles by Model,https://www.bmwgroup.com/en/investor-relations/company-reports.html,2026-08-22,High
BMW_I4_G26,2024,1,BMW Group Monthly Delivery Disclosures,https://www.press.bmwgroup.com,2026-08-22,High
BMW_I4_G26,2024,2,BMW Group Monthly Delivery Disclosures,https://www.press.bmwgroup.com,2026-08-22,High
BMW_I4_G26,2024,3,BMW Group Monthly Delivery Disclosures,https://www.press.bmwgroup.com,2026-08-22,High
BMW_IX1_U11,2022,,BMW Group Annual Report 2022 — Deliveries of BMW Vehicles by Model,https://www.bmwgroup.com/en/investor-relations/company-reports.html,2026-08-22,High
BMW_IX1_U11,2023,,BMW Group Annual Report 2023 — Deliveries of BMW Vehicles by Model,https://www.bmwgroup.com/en/investor-relations/company-reports.html,2026-08-22,High
BMW_IX1_U11,2024,1,BMW Group Monthly Delivery Disclosures,https://www.press.bmwgroup.com,2026-08-22,High
BMW_IX1_U11,2024,2,BMW Group Monthly Delivery Disclosures,https://www.press.bmwgroup.com,2026-08-22,High
BMW_IX1_U11,2024,3,BMW Group Monthly Delivery Disclosures,https://www.press.bmwgroup.com,2026-08-22,High
BMW_IX2_U10,2023,,BMW Group Annual Report 2023 — Deliveries of BMW Vehicles by Model,https://www.bmwgroup.com/en/investor-relations/company-reports.html,2026-08-22,High
BMW_IX2_U10,2024,1,BMW Group Monthly Delivery Disclosures,https://www.press.bmwgroup.com,2026-08-22,High
BMW_IX2_U10,2024,2,BMW Group Monthly Delivery Disclosures,https://www.press.bmwgroup.com,2026-08-22,High
BMW_IX2_U10,2024,3,BMW Group Monthly Delivery Disclosures,https://www.press.bmwgroup.com,2026-08-22,High
BMW_IX3_G08,2020,,BMW Group Annual Report 2020 — Deliveries of BMW Vehicles by Model,https://www.bmwgroup.com/en/investor-relations/company-reports.html,2026-08-22,High
BMW_IX3_G08,2021,,BMW Group Annual Report 2021 — Deliveries of BMW Vehicles by Model,https://www.bmwgroup.com/en/investor-relations/company-reports.html,2026-08-22,High
BMW_IX3_G08,2022,,BMW Group Annual Report 2022 — Deliveries of BMW Vehicles by Model,https://www.bmwgroup.com/en/investor-relations/company-reports.html,2026-08-22,High
BMW_IX3_G08,2023,,BMW Group Annual Report 2023 — Deliveries of BMW Vehicles by Model,https://www.bmwgroup.com/en/investor-relations/company-reports.html,2026-08-22,High
BMW_IX3_G08,2024,1,BMW Group Monthly Delivery Disclosures,https://www.press.bmwgroup.com,2026-08-22,High
BMW_IX3_G08,2024,2,BMW Group Monthly Delivery Disclosures,https://www.press.bmwgroup.com,2026-08-22,High
BMW_IX3_G08,2024,3,BMW Group Monthly Delivery Disclosures,https://www.press.bmwgroup.com,2026-08-22,High
BMW_I5_G60,2023,,BMW Group Annual Report 2023 — Deliveries of BMW Vehicles by Model,https://www.bmwgroup.com/en/investor-relations/company-reports.html,2026-08-22,High
BMW_I5_G60,2024,1,BMW Group Monthly Delivery Disclosures,https://www.press.bmwgroup.com,2026-08-22,High
BMW_I5_G60,2024,2,BMW Group Monthly Delivery Disclosures,https://www.press.bmwgroup.com,2026-08-22,High
BMW_I5_G60,2024,3,BMW Group Monthly Delivery Disclosures,https://www.press.bmwgroup.com,2026-08-22,High
BMW_I7_G70,2022,,BMW Group Annual Report 2022 — Deliveries of BMW Vehicles by Model,https://www.bmwgroup.com/en/investor-relations/company-reports.html,2026-08-22,High
BMW_I7_G70,2023,,BMW Group Annual Report 2023 — Deliveries of BMW Vehicles by Model,https://www.bmwgroup.com/en/investor-relations/company-reports.html,2026-08-22,High
BMW_I7_G70,2024,1,BMW Group Monthly Delivery Disclosures,https://www.press.bmwgroup.com,2026-08-22,High
BMW_I7_G70,2024,2,BMW Group Monthly Delivery Disclosures,https://www.press.bmwgroup.com,2026-08-22,High
BMW_I7_G70,2024,3,BMW Group Monthly Delivery Disclosures,https://www.press.bmwgroup.com,2026-08-22,High
